acession_no,book_title,author,price_inr,price_dollar,price_euro,publisher,issued,number_donated,book_shelf_no,compartment_no,no_copies
1.0,COBOL for Beginners,"Worth,Thomas",55.00,,,PHI,,736445.0,DCSE|98|E|3,1.0,20.0
2.0,COBOL for Beginners,"Worth,Thomas",55.00,,,PHI,,736444.0,DCSE|98|E|3,1.0,21.0
3.0,COBOL for Beginners,"Worth,Thomas",35.00,,,PHI,,736446.0,DCSE|98|E|3,2.0,20.0
4.0,COBOL for Beginners,"Worth,Thomas",55.00,,,PHI,,812808.0,CS/E/99-1,1.0,4.0
4.0,COBOL for Beginners,"Worth,Thomas",55.00,,,PHI,,736448.0,DCSE|98|E|3,1.0,22.0
5.0,COBOL for Beginners,"Worth,Thomas",55.00,,,PHI,,736449.0,DCSE|98|E|3,1.0,23.0
6.0,COBOL for Beginners,"Worth,Thomas",55.00,,,PHI,,736450.0,DCSE|98|E|3,1.0,24.0
7.0,COBOL for Beginners,"Worth,Thomas",55.00,,,PHI,,736447.0,DCSE|98|E|3,1.0,25.0
8.0,Computer Prog. In Fortran IV Ed.2,"Rajaraman,V.",35.00,,,PHI,,736451.0,DCSE|98|E|3,1.0,14.0
9.0,Computer Prog. In Fortran IV Ed.2,"Rajaraman,V.",35.00,,,PHI,,736452.0,DCSE|98|E|3,1.0,15.0
10.0,Computer Prog. In Fortran IV Ed.2,"Rajaraman,V.",35.00,,,PHI,,736453.0,DCSE|98|E|3,1.0,16.0
11.0,Computer Prog. In Fortran IV Ed.2,"Rajaraman,V.",35.00,,,PHI,,736454.0,DCSE|98|E|3,1.0,17.0
12.0,Computer Prog. In Fortran IV Ed.2,"Rajaraman,V.",35.00,,,PHI,,736455.0,DCSE|98|E|3,1.0,18.0
13.0,Computer Prog. In Fortran IV Ed.2,"Rajaraman,V.",35.00,,,PHI,,736456.0,DCSE|98|E|3,1.0,19.0
29.0,Fundamentals of Computer,"Rajaraman,V.",39.00,,,PHI,,32.0,DCSE|98|E|3,1.0,29.0
33.0,Computer & Commonsense Ed.3,H.Roger & S.John,25.00,,,PHI,,736483.0,DCSE|98|E|3,1.0,4.0
34.0,Computer & Commonsense Ed.3,H.Roger & S.John,25.00,,,PHI,,736484.0,DCSE|98|E|3,1.0,5.0
35.0,Computer & Commonsense Ed.3,H.Roger & S.John,25.00,,,PHI,,736485.0,DCSE|98|E|3,1.0,6.0
36.0,Computer & Commonsense Ed.3,H.Roger & S.John,25.00,,,PHI,,736486.0,DCSE|98|E|3,1.0,7.0
37.0,Computer & Commonsense Ed.3,H.Roger & S.John,25.00,,,PHI,,736487.0,DCSE|98|E|3,1.0,8.0
38.0,Computer & Commonsense Ed.3,H.Roger & S.John,25.00,,,PHI,,736482.0,DCSE|98|E|3,1.0,9.0
39.0,Computer & Commonsense Ed.3,H.Roger & S.John,25.00,,,PHI,,7361481.0,DCSE|98|E|3,1.0,26.0
46.0,Comp. Oriented Num.Methods Ed.3,"Rajaraman,V.",29.00,,,PHI,,192.0,DCSE|98|E|3,2.0,38.0
47.0,System Programming,"Donovan,John J.",, $ 7.50 ,,Mc Graw Hill,,736493.0,DCSE|98|E|3,1.0,10.0
48.0,System Programming,"Donovan,John J.",, $ 7.50 ,,Mc Graw Hill,,736492.0,DCSE|98|E|3,1.0,11.0
49.0,System Programming,"Donovan,John J.",, $ 7.50 ,,Mc Graw Hill,,736491.0,DCSE|98|E|3,1.0,12.0
50.0,System Programming,"Donovan,John J.",, $ 7.50 ,,Mc Graw Hill,,736494.0,DCSE|98|E|3,1.0,13.0
52.0,BASIC PROGRAMMING SELF-TAUGHT,SEYMOUR C. HIRSCH,,,,PHI,,736495.0,DCSE|98|E|3,1.0,27.0
53.0,Computer Org. & Programming,"Gear,C.William",, $ 8.25 ,,Mc Graw Hill,,736496.0,DCSE|98|E|3,1.0,28.0
54.0,Ist course in Comp.Prog.using Pascal,"Keiler,Arthur M.",, $ 6.50 ,,Mc Graw Hill,ISSUED (PKS),736536.0,DCSE|98|E|3,2.0,19.0
54.0,Ist course in Comp.Prog.using Pascal,"Keiler,Arthur M.",, $ 6.50 ,,Mc Graw Hill,,736497.0,DCSE|98|E|3,1.0,30.0
55.0,Complete text on Basic Prog. Ed.2,"Holmes,B.J",35.00,,,Galgotia,,736527.0,DCSE|98|E|3,1.0,1.0
56.0,Complete text on Basic Prog. Ed.2,"Holmes,B.J",35.00,,,Galgotia,,736528.0,DCSE|98|E|3,1.0,2.0
57.0,Complete text on Basic Prog. Ed.2,"Holmes,B.J",35.00,,,Galgotia,,736523.0,DCSE|98|E|3,1.0,3.0
58.0,Complete text on Basic Prog. Ed.2,"Holmes,B.J",35.00,,,Galgotia,,736522.0,DCSE|98|E|3,2.0,1.0
59.0,Complete text on Basic Prog. Ed.2,"Holmes,B.J",35.00,,,Galgotia,,736521.0,DCSE|98|E|3,2.0,2.0
60.0,Complete text on Basic Prog. Ed.2,"Holmes,B.J",35.00,,,Galgotia,,736463.0,DCSE|98|E|3,2.0,3.0
61.0,Complete text on Basic Prog. Ed.2,"Holmes,B.J",35.00,,,Galgotia,,736526.0,DCSE|98|E|3,2.0,4.0
62.0,Complete text on Basic Prog. Ed.2,"Holmes,B.J",35.00,,,Galgotia,,736525.0,DCSE|98|E|3,2.0,5.0
63.0,Complete text on Basic Prog. Ed.2,"Holmes,B.J",35.00,,,Galgotia,,736530.0,DCSE|98|E|3,2.0,6.0
91.0,Computer Prog. In Fortram IV Ed.2,"Rajaraman,V.",35.00,,,PHI,,716174.0,DCSE|98|E|3,2.0,7.0
92.0,Computer Prog. In Fortram IV Ed.2,"Rajaraman,V.",35.00,,,PHI,,716173.0,DCSE|98|E|3,2.0,8.0
93.0,Computer Prog. In Fortram IV Ed.2,"Rajaraman,V.",35.00,,,PHI,,716177.0,DCSE|98|E|3,2.0,9.0
94.0,Computer Prog. In Fortram IV Ed.2,"Rajaraman,V.",35.00,,,PHI,,716176.0,DCSE|98|E|3,2.0,10.0
96.0,Basic Programming Self-Taught,"Hirsch,Seymour C.",29.00,,,PHI,,716178.0,DCSE|98|E|3,2.0,16.0
97.0,Basic Programming Self-Taught,"Hirsch,Seymour C.",29.00,,,PHI,,716179.0,DCSE|98|E|3,2.0,17.0
98.0,Basic Programming Self-Taught,"Hirsch,Seymour C.",29.00,,,PHI,,716180.0,DCSE|98|E|3,2.0,18.0
101.0,Intro. To Comp.Sc.:An Algo App.,Tremblay et al.,, $ 8.50 ,,Mc Graw Hill,,716187.0,DCSE|98|E|3,2.0,11.0
102.0,Intro. To Comp.Sc.:An Algo App.,Tremblay et al.,, $ 8.50 ,,Mc Graw Hill,,716185.0,DCSE|98|E|3,2.0,12.0
103.0,Intro. To Comp.Sc.:An Algo App.,Tremblay et al.,, $ 8.50 ,,Mc Graw Hill,,716183.0,DCSE|98|E|3,2.0,13.0
104.0,Intro. To Comp.Sc.:An Algo App.,Tremblay et al.,, $ 8.50 ,,Mc Graw Hill,,716184.0,DCSE|98|E|3,2.0,14.0
105.0,Intro. To Comp.Sc.:An Algo App.,Tremblay et al.,, $ 8.50 ,,Mc Graw Hill,,716186.0,DCSE|98|E|3,2.0,15.0
106.0,Computer Org. & Programming Ed.4,"Gear,William C.",, $ 8.25 ,,Mc Graw Hill,,716191.0,DCSE|98|E|3,2.0,24.0
107.0,Computer Org. & Programming Ed.4,"Gear,William C.",, $ 8.25 ,,Mc Graw Hill,,716190.0,DCSE|98|E|3,2.0,25.0
108.0,Computer Org. & Programming Ed.4,"Gear,William C.",, $ 8.25 ,,Mc Graw Hill,,716188.0,DCSE|98|E|3,2.0,26.0
109.0,Computer Org. & Programming Ed.4,"Gear,William C.",, $ 8.25 ,,Mc Graw Hill,,716189.0,DCSE|98|E|3,2.0,27.0
110.0,Intro. To Fortran 77 & the Personal,"Hammond,Robert H.",,,£ 8.50,Mc Graw Hill,,737190.0,DCSE|98|E|3,2.0,28.0
112.0,"MS-DOS Handbook, Ed.2","King,Richard Alan",60.00,,,BPB Pub.,,737192.0,DCSE|98|E|3,2.0,29.0
113.0,"IBM PC-DOC Handbook,Ed.2","King,Richard Alan",60.00,,,BPB Pub.,,737193.0,CS/08-09/286/7,4.0,20.0
114.0,Assem.Lang.Tech. for the 8086-8088,"Erskine, Robert",90.00,,,Pitman,,737194.0,DCSE|98|E|3,2.0,31.0
114.0,Assem.Lang.Tech. for the 8086-8088,"Erskine, Robert",90.00,,,Pitman,,737497.0,CS/08-09/286/7,4.0,15.0
115.0,Computer Studies : Instruction Manual,"French, C.S",35.00,,,Galgotia,,737195.0,DCSE|98|E|3,2.0,30.0
116.0,Im.That: A Gen. Pur. Gra. Dev. Prog.,"Schmitt, A.R. et al",525.00,,,Howard W. Sams.,,737196.0,DCSE|98|E|3,2.0,21.0
117.0,Graphics for the IBM PC,"IIIwosky, Dan et al.",375.00,,,Howard W. Sams.,,737197.0,DCSE|98|E|3,2.0,22.0
118.0,dBase Programmer's Utilities,"Byers, Robert A.",240.00,,,BPB Pub.,,737198.0,DCSE|98|E|3,2.0,23.0
119.0,Train. Course : Using A dBase III Plus,Workbook-A. Tate,180.00,,,BPB Pub.,,737199.0,DCSE|98|E|3,2.0,39.0
120.0,Train. Course : Using A dBase III Plus,Workbook-A. Tate,180.00,,,BPB Pub.,,737200.0,DCSE|98|E|3,2.0,40.0
121.0,The Manual dBase III,Robert E. Williams,36.00,,,BPB Pub.,,737511.0,DCSE|98|E|3,1.0,45.0
122.0,App. Dis. Stru. For Computer Science,Alan Doerr et al.,60.00,,,Galgotia,,737514.0,DCSE|98|E|3,1.0,46.0
123.0,Understanding C,"Bruceh, Hunter",60.00,,,BPB Pub.,,737512.0,DCSE|98|E|3,1.0,47.0
125.0,Microprocessors & Digital System,Douglos V. Hall,122.62,,,Mc Graw Hill,,737515.0,DCSE|98|E|3,1.0,42.0
127.0,Lotus 1-2-3,Ralph Mylius,60.00,,,BPB Pub.,,737660.0,DCSE|98|E|3,2.0,32.0
128.0,ABC's 1-2-3,Ghris Gilbert,60.00,,,BPB Pub.,,712526.0,DCSE|98|E|3,1.0,39.0
129.0,Compiler Construction,William A. Barrett,70.00,,,Galgotia,,712527.0,DCSE|98|E|3,1.0,40.0
130.0,Computer Science,C.A.R. Hoare,75.00,,,PHI,,712528.0,DCSE|98|E|3,1.0,41.0
131.0,Digital Logic & Computer Design (REPLACE),Mano.M,,,,,,131.0,DCSE|98|E|3,1.0,43.0
132.0,Computing Methods for Sc. & En.,L.Fox & D.F. Mayors,91.13,,,E.L.B.S,,712530.0,DCSE|98|E|3,1.0,44.0
133.0,Pascal for Science & Engineering,"James J.,M.C. Gregar",55.00,,,Galgotia,,712531.0,DCSE|98|E|3,2.0,36.0
134.0,Operating System,Madnik Danovan,113.03,,,Mc Graw International,,712532.0,DCSE|98|E|3,2.0,34.0
135.0,How to solve it by Computer,R.G. Dromoy,35.00,,,PHI,,712533.0,DCSE|98|E|3,2.0,35.0
136.0,Using the IBM PCJr,Kenniston W. Lord,226.05,,,V.N.R,,737520.0,DCSE|98|E|3,1.0,35.0
137.0,dBase III Plus,Douglas Hergert,550.90,,,Microsoft Press,,737517.0,DCSE|98|E|3,1.0,36.0
138.0,Programmer's Guide to Windows,Devid Durcent,150.00,,,Tech Publi.,,737518.0,DCSE|98|E|3,1.0,37.0
139.0,Pascal ,W. Findlay & Dawatt,35.00,,,Galgotia,,737519.0,DCSE|98|E|3,1.0,38.0
140.0,Lotus 1-2-3 Desk Top Computer,Grey Harvey,120.00,,,Sybex,,737496.0,DCSE|98|E|3,1.0,34.0
142.0,Beginning Forth,Paul Chirlian,, $ 16.95 ,,Matrix Publishers,,737498.0,DCSE|98|E|3,2.0,37.0
143.0,Introduction to Ada,Paul Chirlian,, $ 19.95 ,,Matrix Publishers,,737499.0,DCSE|98|E|3,1.0,31.0
147.0,Fortran 77,Davis & Hoffmann,, $ 8.50 ,,Mc Graw Hill,,737699.0,DCSE|98|E|3,1.0,32.0
148.0,Operating System,Madnik Danovan,, $ 8.25 ,,Mc Graw Hill,,737680.0,DCSE|98|E|3,1.0,33.0
149.0,An Introduction to Micro Computers,Osborne Adam,, $ 6.50 ,,Mc Graw Hill,,737681.0,DCSE|98|E|3,3.0,16.0
150.0,Numerical Analysis,Scheid Francis,, $ 4.50 ,,Mc Graw Hill,,737684.0,DCSE|98|E|3,3.0,19.0
151.0,Numerical Analysis,Scheid Francis,, $ 4.50 ,,Mc Graw Hill,,737683.0,DCSE|98|E|3,3.0,20.0
152.0,Numerical Analysis,Scheid Francis,, $ 4.50 ,,Mc Graw Hill,,737682.0,DCSE|98|E|3,3.0,21.0
153.0,An Introduction to Micro Computers,Osborne Adam,54.12,,,Mc Graw Hill,,737685.0,DCSE|98|E|3,3.0,18.0
154.0,Structured COBOL,Litecky R. Charles,116.45,,,Mc Graw Hill,,737686.0,DCSE|98|E|3,3.0,17.0
155.0,Introduction to Computer Science,Scheid Francis,, $ 10.50 ,,Mc Graw Hill,,737688.0,DCSE|98|E|3,3.0,13.0
156.0,Introduction to Computer Science,Scheid Francis,, $ 10.50 ,,Mc Graw Hill,,737689.0,DCSE|98|E|3,3.0,14.0
157.0,Introduction to Computer Science,Scheid Francis,, $ 10.50 ,,Mc Graw Hill,,737687.0,DCSE|98|E|3,3.0,15.0
158.0,Data Structure,Lipsehutz Symour,,,,,LOST,737691.0,DCSE|98|E|3,3.0,11.0
159.0,Data Structures,Lipsehutz Symour,, $ 9.00 ,,Mc Graw Hill,,737690.0,DCSE|98|E|3,3.0,12.0
160.0,System Programming,"Donovan,J. John",, $ 7.50 ,,Mc Graw Hill,,737700.0,DCSE|98|E|3,3.0,1.0
161.0,System Programming,"Donovan,J. John",, $ 7.50 ,,Mc Graw Hill,,737701.0,DCSE|98|E|3,3.0,2.0
162.0,System Programming,"Donovan,J. John",, $ 7.50 ,,Mc Graw Hill,,737693.0,DCSE|98|E|3,3.0,3.0
163.0,System Programming,"Donovan,J. John",, $ 7.50 ,,Mc Graw Hill,,737698.0,DCSE|98|E|3,3.0,4.0
164.0,System Programming,"Donovan,J. John",, $ 7.50 ,,Mc Graw Hill,,737699.0,DCSE|98|E|3,3.0,5.0
165.0,System Programming,"Donovan,J. John",, $ 7.50 ,,Mc Graw Hill,,737692.0,DCSE|98|E|3,3.0,6.0
166.0,System Programming,"Donovan,J. John",, $ 7.50 ,,Mc Graw Hill,,737694.0,DCSE|98|E|3,3.0,7.0
167.0,System Programming,"Donovan,J. John",, $ 7.50 ,,Mc Graw Hill,,737696.0,DCSE|98|E|3,3.0,8.0
168.0,System Programming,"Donovan,J. John",, $ 7.50 ,,Mc Graw Hill,,737695.0,DCSE|98|E|3,3.0,9.0
169.0,System Programming,"Donovan,J. John",, $ 7.50 ,,Mc Graw Hill,,737697.0,DCSE|98|E|3,3.0,10.0
170.0,Introduction to Pascal,"Mathur,Aditya P",,,,,LOST,737708.0,DCSE|98|E|3,3.0,22.0
171.0,Introduction to Pascal,"Mathur,Aditya P",,,,,LOST,737710.0,DCSE|98|E|3,3.0,23.0
181.0,COBOL for Beginners,"Worth,Thomas",55.00,,,PHI,,737713.0,DCSE|98|E|3,3.0,25.0
182.0,More than 32 Basic Programme,Tom Ruggs Philfeld,180.00,,,Beatyon,,737675.0,DCSE|98|E|3,3.0,24.0
188.0,MS/PC/DOS Book,Stultz,55.00,,,SKW Enterprises,,737649.0,DCSE|98|E|3,2.0,43.0
190.0,Data Processing,Mortin,48.00,,,TMH,,737657.0,DCSE|98|E|3,2.0,41.0
191.0,Data Processing,Mortin,48.00,,,TMH,,737658.0,DCSE|98|E|3,2.0,42.0
196.0,The Manual Lotus 1-2-3,William ,45.00,,,BPB Pub.,,737659.0,DCSE|98|E|3,3.0,26.0
204.0,Advanced Techniques in dBase III,Simpson Alan,150.00,,,BPB Pub.,,737655.0,DCSE|98|E|3,2.0,33.0
205.0,Advanced Techniques in dBase III,Simpson Alan,150.00,,,BPB Pub.,,737654.0,DCSE|98|E|3,2.0,46.0
206.0,Assem. Lang. Tech. for the IBM PC,"Miller,Alan R.",90.00,,,BPB Pub.,,737656.0,DCSE|98|E|3,2.0,45.0
210.0,1001 Things to do with your IBM PC,Mark,,,,,LOST,737674.0,DCSE|98|E|3,3.0,42.0
212.0,dBase III Plus: A Comp. User's Manual,Bharicha D. Kermam,54.00,,,Tech Publi.,,702431.0,DCSE|98|E|3,3.0,41.0
213.0,First Steps in 80286 Assem. Lang.,Erskine,, $ 14.50 ,,Glentop,,702432.0,DCSE|98|E|3,3.0,38.0
214.0,Unix on the IBM PC,Twitty,,,£   6.95,Glentop,,702433.0,DCSE|98|E|3,3.0,39.0
215.0,80306  Microprocessor Hand Book,Pappas,,,£   6.95,Mc Graw Hill,,702434.0,DCSE|98|E|3,3.0,40.0
216.0,Mastering Turbo Pascal,Swan,75.00,,,BPB Pub.,,764062.0,DCSE/19/2,1.0,8.0
217.0,Mastering Auto Card,Omura,60.00,,,BPB Pub.,,702602.0,DCSE|98|E|3,3.0,36.0
218.0,Prolog Prog.Techniques App.,Garavaglis,308.25,,,HIR,,702603.0,DCSE|98|E|3,3.0,37.0
219.0,Digital Fundamental (REPLACE),Floyd,,,,,,219.0,DCSE|98|E|3,2.0,44.0
221.0,DOS Instant References,Harvey,36.00,,,BPB Pub.,,702606.0,DCSE|98|E|3,3.0,35.0
222.0,Wordstar Tips & Traps,Anderson,54.00,,,BPB Pub.,,702607.0,DCSE|98|E|3,3.0,30.0
223.0,IBM Hardware & Software,Sandler,66.00,,,BPB Pub.,,702608.0,DCSE|98|E|3,3.0,31.0
225.0,Principle Interactive Comp. Graphics,Newman,116.45,,,Mc Graw Hill,,702598.0,DCSE|98|E|3,3.0,27.0
226.0,An Introduction to Database Design,Salzberg,116.4,,,AP,,702599.0,DCSE|98|E|3,3.0,28.0
228.0,Advance Techniques in Turbo Pascal,Edwardo C.Charles,60.00,,,BPB Pub.,,702580.0,DCSE|98|E|3,3.0,29.0
233.0,Switching & Finite Automata Theory,ZVI Kohavi,60.00,,,BPB Pub.,,702585.0,DCSE|98|E|3,3.0,33.0
234.0,Introduction to Wordstar,Arthur Naiman,60.00,,,PHI,,702586.0,DCSE|98|E|3,3.0,34.0
235.0,Computer System Architecture,M.Morris Mano,55.00,,,PHI,ISSUED (STD),702587.0,DCSE|98|E|3,3.0,32.0
237.0,Data Base Processing,David Kroenke,60.00,,,Galgotia,,702589.0,DCSE/74/1,1.0,4.0
238.0,Digital Principal & Application,Leach P. Donald,75.35,,,Mc Graw Hill,,702590.0,DCSE/74/1,1.0,3.0
244.0,Turbo Pascal,Chiuclian,245.9,,,WB,,702611.0,DCSE/74/1,1.0,2.0
246.0,A Software Tools Sampler,Miller,425.44,,,P.Hall,,702613.0,DCSE/74/1,1.0,1.0
247.0,Digital Computer Fundamental,Bartee,89.05,,,K.K,,702614.0,DCSE/74/1,1.0,7.0
250.0,Advanced dBase III Prog. Tech.,Liskin,89.05,,,K.K,,702617.0,DCSE/74/1,1.0,8.0
251.0,Distributed Database Principles & Systems (REPLACE),Ceri.S,,,,,,251.0,DCSE/74/1,1.0,6.0
253.0,Advance Turbo Pascal,Schildt,73.35,,,K.K,,702620.0,DCSE/74/1,1.0,5.0
254.0,Pascal ,Belford,116.45,,,K.K,,702621.0,DCSE/74/1,1.0,10.0
255.0,Microprocessor & Interfacing (REPLACE),Hall,,,,,,255.0,DCSE/74/1,1.0,12.0
256.0,Z 80 Assembly Language Programme,Leventhal,81.52,,,K.K,,702623.0,DCSE/74/1,1.0,9.0
257.0,Micro Computers Based Design,Peatman,130.15,,,K.K,,702624.0,DCSE/74/1,1.0,11.0
258.0,86000 Assembly Language Programme,Leventhal,75.35,,,K.K,,702625.0,DCSE/74/1,1.0,17.0
260.0,Intro. To Digital Technology,Nashelsky,109.6,,,WIE,,702627.0,DCSE/74/1,1.0,16.0
261.0,Use Std.Spec. for µcomp. Op. Sys.,IEEEIRHAL,273.32,,,JW,,702628.0,DCSE/74/1,1.0,15.0
262.0,Intro. to Programming with Modula ,Spimurm,363.05,,,H.Row,,702629.0,DCSE/74/1,1.0,14.0
263.0,A Str. Approach to Fortran,Crainley,472.65,,,P.Hall,,702630.0,DCSE/74/1,1.0,13.0
264.0,Structured Programming,Welland,99.15,,,Pitman,,702631.0,DCSE/74/1,1.0,30.0
265.0,dBase III,Gosling,99.15,,,Pitman,,702632.0,DCSE/74/1,1.0,31.0
266.0,Assembly Language for the 80286,Erskine,99.15,,,Pitman,,702633.0,DCSE/74/1,1.0,32.0
267.0,Computer Science,Goloschlager,75,,,PHI,,702634.0,DCSE/74/1,1.0,29.0
268.0,Theory & Prac. Of Compiler Writing,Jeem Paul Trembley,102.75,,,Mc Graw Hill,,702645.0,DCSE/74/1,1.0,28.0
269.0,The Little Lipser,Fridman,222.46,,,Galgotia,,703352.0,DCSE/74/1,1.0,34.0
270.0,Pascal : An Intro. To Modern Prog.,Glodstein,431.25,,,RinChart & Winstan,,703353.0,DCSE/74/1,1.0,33.0
271.0,Micro Computer Exp. With IBM PC,Leventhal,331.20,,,RinChart & Winstan,,703354.0,DCSE/74/1,1.0,39.0
272.0,From Basic 8086/8088 Assem. Lang.,H.Templeton,100,,,Wordware Publishing,,703355.0,DCSE/74/1,1.0,38.0
273.0,Programming Guide to LISP,K. Tracton,164.91,,,TAB,,703356.0,DCSE/74/1,1.0,40.0
274.0,Computer Construction,Barrett,70.00,,,Galgotia,,703358.0,DCSE/74/1,1.0,35.0
275.0,Computer Construction,Barrett,70.00,,,Galgotia,,703357.0,DCSE/74/1,1.0,36.0
276.0,dBase III Plus for Programmers,Dinerstein,65.00,,,Galgotia,,703359.0,DCSE/74/1,1.0,19.0
277.0,Complete Turbo Pascal,Dunteman,75.00,,,Galgotia,,703360.0,DCSE/74/1,1.0,18.0
277.0,Complete Turbo Pascal,Dunteman,75.00,,,Galgotia,,,DCSE/19/2,1.0,13.0
278.0,Introduction to Operating Sys. Design,Habermann,60.00,,,G.P,,703361.0,DCSE/74/1,1.0,20.0
279.0,Introduction to Operating Sys. Design,Habermann,60.00,,,G.P,,703362.0,DCSE/74/1,1.0,21.0
280.0,Introduction to Operating Sys. Design,Habermann,60.00,,,G.P,,703363.0,DCSE/74/1,1.0,22.0
281.0,Introduction to Operating Sys. Design,Habermann,60.00,,,G.P,,703365.0,DCSE/74/1,1.0,23.0
282.0,Introduction to Operating Sys. Design,Habermann,60.00,,,G.P,,703364.0,DCSE/74/1,1.0,24.0
283.0,Programming in C,Jamsa,50.00,,,G.P,,703366.0,DCSE/74/1,1.0,25.0
284.0,Advance Programme in dBase III Plus,Knegth,95.00,,,G.P,,703368.0,DCSE/74/1,1.0,26.0
285.0,Advance Programme in dBase III Plus,Knegth,95.00,,,G.P,,703367.0,DCSE/74/1,1.0,27.0
286.0,Design of Digital Systems,Pitman,75.00,,,G.P,,703370.0,DCSE/74/1,1.0,37.0
287.0,Design of Digital Systems,Pitman,75.00,,,G.P,,703369.0,DCSE/74/1,2.0,1.0
288.0,Micro Computing in COBOL,Roy Martin Richard,45.00,,,G.P,,703381.0,DCSE/74/1,2.0,2.0
289.0,Computer Hardware & Organisation,Sloan,65.00,,,G.P,,703373.0,DCSE/74/1,2.0,18.0
290.0,Computer Hardware & Organisation,Sloan,65.00,,,G.P,,703372.0,DCSE/74/1,2.0,19.0
291.0,Computer Hardware & Organisation,Sloan,65.00,,,G.P,,703374.0,DCSE/74/1,2.0,20.0
292.0,Computer Hardware & Organisation,Sloan,65.00,,,G.P,,703371.0,DCSE/74/1,2.0,21.0
293.0,Computer Hardware & Organisation,Sloan,65.00,,,G.P,,703375.0,DCSE/74/1,2.0,22.0
294.0,Programming Ref. Manual for IBM PC,Steven Armbrust,150.00,,,G.P,,703377.0,DCSE/74/1,2.0,23.0
295.0,Programming Ref. Manual for IBM PC,Steven Armbrust,150.00,,,G.P,,703378.0,DCSE/74/1,2.0,24.0
296.0,Programming Ref. Manual for IBM PC,Steven Armbrust,150.00,,,G.P,,703376.0,DCSE/74/1,2.0,25.0
297.0,Unix on the IBM PC,William B. Twitty,150.00,,,G.P,,703380.0,DCSE/74/1,2.0,26.0
298.0,Unix on the IBM PC,William B. Twitty,150.00,,,G.P,,703379.0,DCSE/74/1,2.0,27.0
299.0,Digital Technology (Lab. Manual),Williams,45.00,,,G.P,,703382.0,DCSE/74/1,2.0,28.0
300.0,Digital Technology (Lab. Manual),Williams,45.00,,,G.P,,703383.0,DCSE/74/1,2.0,29.0
301.0,Computer data Processing & Telecom.,Rosenberg,60.00,,,WE,,763156.0,DCSE/74/1,2.0,6.0
302.0,Introduction to Operating Sys. Design,Haberman,68.00,,,Galgotia,,763157.0,DCSE/74/1,2.0,3.0
303.0,dBase III Plus : A Compare. User Man.,Bharvcha,60.00,,,Tech Publi.,,763144.0,DCSE/74/1,2.0,4.0
304.0,Turbo Pascal Liberary,Stivison D.S.,60.00,,,BPB Pub.,,763145.0,DCSE/74/1,2.0,5.0
305.0,The Unix Programming Environment,Kernighan Spike,69.00,,,PHI,,763146.0,DCSE/74/1,2.0,9.0
306.0,Intro. To Data Structure with Appli.,Naps T.L & Singh,55.00,,,Galgotia,,763147.0,DCSE/74/1,2.0,8.0
307.0,Salvaging Damaged & dBase Files,Heiser P.W.,75.00,,,Galgotia,,763148.0,DCSE/74/1,2.0,7.0
308.0,Microprocessors /Microcomputers 2ed.,Khambata,92.95,,,Wiley,,763149.0,DCSE/74/1,2.0,30.0
309.0,An Intro. To Data Structure with Appli.,Trembley & Sorenson,127.00,,,Megkoga,,763150.0,DCSE/74/1,2.0,31.0
310.0,Microcomputer Systems,Liv & Gibson,69.00,,,PHI,,763151.0,DCSE/74/1,2.0,34.0
311.0,The Principles of Computer Org.,Schneidev,64.35,,,Wiley,,763152.0,DCSE/74/1,2.0,33.0
312.0,Introduction to Computer Archtecture,Stone,55.00,,,Galgotia,,763153.0,DCSE/74/1,2.0,32.0
313.0,Assem. Prog. & 8086 Microprocessor,Jones,259.69,,,Oxford,,763154.0,DCSE/74/1,2.0,38.0
314.0,The Manual Frame Work,Phillips,36.00,,,BPB Pub.,,763155.0,DCSE/74/1,2.0,37.0
315.0,Microsoft COBOL,,99.00,,,Microsoft Press,,758377.0,DCSE/74/1,2.0,36.0
316.0,The Sprit of 'C',Millish Coper,250.00,,,Jaico,,722253.0,DCSE/74/1,2.0,35.0
317.0,Understanding Fortran 77,Michel Boillot,250.00,,,Jaico,,722254.0,DCSE/74/1,2.0,17.0
318.0,Programming in Basic,Venit,250.00,,,Jaico,,722255.0,DCSE/74/1,2.0,16.0
319.0,Dis. Math. Structure for Comp. Sc.,Kolman,69.00,,,PHI,,722258.0,DCSE/74/1,2.0,15.0
320.0,Programming in C,Jamsa,55.00,,,Galgotia,,722256.0,DCSE/74/1,2.0,14.0
321.0,Basic C for Basic Program,T.D. Brown Jr.,33.00,,,Mc Graw Hill,,722257.0,DCSE/74/1,2.0,12.0
322.0,dBase III & III Plus,Taxali,30.00,,,TMH,,722252.0,DCSE/74/1,2.0,11.0
323.0,Artificial Intelligence,Rich,99.40,,,TMH,,722225.0,DCSE/74/1,2.0,13.0
324.0,Computer Organisation,Hamcher,113.70,,,TMH,,722226.0,DCSE/74/1,2.0,10.0
325.0,Computer Writing,Tremblay ,107.25,,,TMH,,722227.0,DCSE/74/1,3.0,1.0
326.0,Computer Graphics,Harrington,113.7,,,TMH,,722228.0,DCSE/74/1,3.0,2.0
327.0,"1,2,3 Power User Guide",Campbell,350.25,,,TMH,,722229.0,DCSE/74/1,3.0,3.0
328.0,DOS Power User's Guide,Jamsa,350.35,,,TMH,,722230.0,DCSE/74/1,3.0,4.0
329.0,Data Structure & Program Design,Kruse,69.00,,,PHI,,722231.0,DCSE/74/1,3.0,5.0
331.0,Principles of Data Base System,Ullman,55.00,,,GAI,,722233.0,DCSE/74/1,3.0,6.0
332.0,Structured Computer Organisation,Tanenbam,62.00,,,PHI,,722234.0,DCSE/74/1,3.0,7.0
334.0,Fundamental of Data Structure,Sahni,40.00,,,CBS,,722236.0,DCSE/74/1,3.0,8.0
335.0,Turbo Pascal 4,Jamsa,92.95,,,TMH,,722238.0,DCSE/74/1,3.0,9.0
336.0,Turbo Pascal 4,Jamsa,92.95,,,TMH,,722237.0,DCSE/74/1,3.0,10.0
337.0,OS/2 Pocket Reference,Jamsa,92.95,,,TMH,,722239.0,DCSE/74/1,3.0,11.0
338.0,Inside the IBM PC AT,Bayers,85.10,,,TMH,,722240.0,DCSE/74/1,3.0,12.0
339.0,dBase III Plus Power Tools,Krumn,121.55,,,TMH,,722241.0,DCSE/74/1,3.0,13.0
340.0,Introduction to Fortran 77 & PC,Hammond,121.55,,,TMH,,722242.0,DCSE/74/1,3.0,14.0
341.0,Comp. Arch. & Practical Processing,Briggs,121.55,,,TMH,,722243.0,DCSE/74/1,3.0,15.0
342.0,Introduction Unix System,Morgan,99.40,,,TMH,,722244.0,DCSE/74/1,3.0,16.0
343.0,8086/88 Assembly Language Prog.,Morris,256.69,,,TMH,,722245.0,DCSE/74/1,3.0,17.0
344.0,Des. Programmers Guide to Unix,Quinin,99.40,,,TMH,,722246.0,DCSE/74/1,3.0,18.0
346.0,Animated Algorithms,Barnett,113.70,,,TMH,,722248.0,DCSE/74/1,3.0,19.0
347.0,OS/2 Programmer's Guide,Lacubucci,378.95,,,TMH,,722249.0,DCSE/74/1,3.0,20.0
348.0,dBase III Plus Power User Guide,Jones,350.35,,,TMH,,722250.0,DCSE/74/1,3.0,21.0
349.0,Advance Quick C,Werner 336.05,336.05,,,TMH,,722251.0,DCSE/74/1,3.0,22.0
350.0,Data Structure Using Pascal,Tanenbam,757.19,,,PHI,,763508.0,DCSE/74/1,3.0,23.0
351.0,Math.Mod. & Dig.Sim.for En. & Sc.,Smith,528.34,,,MGH,,763529.0,DCSE/74/1,3.0,24.0
352.0,Software Reliability,Musa,135.05,,,MGH,,763530.0,DCSE/74/1,3.0,25.0
353.0,Data Systems & Management,Kindred,564.85,,,MGH,,763531.0,DCSE/74/1,3.0,26.0
354.0,Unix Ada Programming,Gelani,479.05,,,MGH,,763532.0,DCSE/74/1,3.0,27.0
355.0,The Motorola MC 68000,Bacon,386.10,,,MGH,,763533.0,DCSE/74/1,3.0,28.0
356.0,Using dBase III Plus,Bacon,235.95,,,TMH,,763534.0,DCSE/74/1,3.0,29.0
357.0,Microprocessor 1987 Workbook,Helms,657.80,,,MGH,,763535.0,DCSE/74/1,3.0,30.0
358.0,µprocessor Technology & µcomputer,Pasahow,113.69,,,TMH,,763510.0,DCSE/74/1,3.0,31.0
359.0,Programming with Structured COBOL,New Comer,56.50,,,TMH,,763511.0,DCSE/74/1,3.0,32.0
360.0,A Ist course in Comp. Prog. Pascal,Keller,99.40,,,TMH,,763512.0,DCSE/74/1,3.0,33.0
361.0,Beyond the Basic,Sarch,135.85,,,TMH,,763513.0,DCSE/74/1,3.0,34.0
362.0,A Software Tools Sampler,Miller,556.99,,,PHI,,763514.0,DCSE/74/1,3.0,35.0
363.0,Small Computer Theory & Application,Dailey,556.99,,,TMH,,763515.0,DCSE/74/1,4.0,1.0
364.0,Your IBM PC Made Easy,Sachh,64.35,,,TMH,,763516.0,DCSE/74/1,4.0,2.0
365.0,Com. Gu. to AI & Ex. Sys. T.Pascal,Levine D. & Etal E.,356.79,,,TMH,,763517.0,DCSE/74/1,4.0,3.0
366.0,Pro. Elements for Computer Graphics,Rogers,92.95,,,TMH,,763518.0,DCSE/74/1,4.0,4.0
367.0,Principles of Interactive Comp. Gra.,Sproull,,,,,LOST,763519.0,DCSE/74/1,4.0,5.0
368.0,Advanced Turbo Pascal,Schildt,78.65,,,TMH,,763520.0,DCSE/74/1,4.0,6.0
369.0,An Intro. to Micro Computers 3rd ed.,Osbore,56.49,,,Mc Graw Hill,,758571.0,DCSE/74/1,4.0,7.0
370.0,C Made Easy,Schildt,64.35,,,Mc Graw Hill,,758572.0,DCSE/74/1,4.0,8.0
371.0,The C Primer,Hancock & Krieger,70.79,,,Mc Graw Hill,,758573.0,DCSE/74/1,4.0,9.0
372.0,Under.Unix: A Conceptual Guide,Groff J.R,60.00,,,Tech Publi.,,758574.0,DCSE/74/1,4.0,10.0
373.0,Discrete Structures of Comp. Sc.,Leon S. Levy,50.00,,,Wiley,,758575.0,DCSE/74/1,4.0,11.0
374.0,IInd Course in Comp. Sc.with Pascal,McGraken,64.35,,,Wiley,,758577.0,DCSE/74/1,4.0,12.0
376.0,IInd Course in Comp. Sc.with Modula-2,McGrsalman,69.35,,,Wiley,,758578.0,DCSE/74/1,4.0,13.0
377.0,A Simpli. Gu. to Struc. COBOL Prog.,McChacken Golden,91.52,,,Wiley,,758579.0,DCSE/74/1,4.0,14.0
378.0,An Intro. to µcomp.-Basic concept,Osporne A.,185.90,,,Mc Graw Hill,,758580.0,DCSE/74/1,4.0,15.0
379.0,An Intro. to µcomp.-Basic concept,Osporne A.,185.90,,,Mc Graw Hill,,758581.0,DCSE/74/1,4.0,16.0
380.0,Prog. 8086/88 for the IBM PC & Comp.,Throne,270.99,,,B.C,,763521.0,DCSE/74/1,4.0,17.0
381.0,An Intro. to Database System Vol. 2,Date,614.19,,,Wesley A.,,763522.0,DCSE/74/1,4.0,18.0
382.0,Algorithms,Seogewick,711.43,,,Wesley A.,,763523.0,DCSE/74/1,4.0,19.0
383.0,Prob. Sol. & Struc. Prog. In Pascal,Koffman,485.49,,,Wesley A.,,763524.0,DCSE/74/1,4.0,20.0
384.0,Fundamental of Interactive Comp. Graphics,Dam,840.13,,,Wesley A.,,763525.0,DCSE/74/1,4.0,21.0
385.0,Operating System Concepts,Peterson,205.00,,,Wesley A.,,763526.0,DCSE/74/1,4.0,22.0
386.0,The C Liberary,Jamsa,299.59,,,TMH,,763528.0,DCSE/74/1,4.0,23.0
387.0,Writing MSDOS Device Drivers,Lai,356.79,,,Wesley A.,,763527.0,DCSE/74/1,4.0,24.0
388.0,Programming with Fortran-77,Ram Kumar,48.00,,,TMH,,763539.0,DCSE/74/1,4.0,25.0
389.0,Programming with Fortran-77,Ram Kumar,48.00,,,TMH,,763538.0,DCSE/74/1,4.0,26.0
390.0,Programming with Fortran-77,Ram Kumar,48.00,,,TMH,,763537.0,DCSE/74/1,4.0,27.0
391.0,Programming with Fortran-77,Ram Kumar,48.00,,,TMH,,763536.0,DCSE/74/1,4.0,28.0
392.0,Using Turbo Basic,Scheider,299.59,,,TMH,,763540.0,DCSE/74/1,4.0,29.0
393.0,Turbo Pascal (The Complete Ref.),Brien,378.95,,,TMH,,763541.0,DCSE/74/1,4.0,30.0
394.0,Quatlro,Biow,378.95,,,TMH,,763542.0,DCSE/74/1,4.0,31.0
395.0,An Introduction to Micro Computers,Osborne ,92.95,,,TMH,,763543.0,DCSE/74/1,4.0,32.0
396.0,Theory & Prob. Of Program with Basic,Gotthried,, $ 3.95 ,,TMH,,763545.0,DCSE/74/1,4.0,33.0
397.0,Theory & Prob. Of Program with Basic,Gotthried,, $ 3.95 ,,TMH,,763549.0,DCSE/74/1,4.0,34.0
398.0,Theory & Prob. Of Program with Basic,Gotthried,, $ 3.95 ,,TMH,,763550.0,DCSE/74/1,4.0,35.0
399.0,Theory & Prob. Of Program with Basic,Gotthried,, $ 3.95 ,,TMH,,763551.0,DCSE/74/1,4.0,36.0
400.0,Theory & Prob. Of Program with Basic,Gotthried,, $ 3.95 ,,TMH,,763552.0,DCSE/74/1,4.0,37.0
401.0,Theory & Prob. Of Program with Basic,Gotthried,, $ 3.95 ,,TMH,,763553.0,DCSE/74/1,4.0,38.0
402.0,Theory & Prob. Of Program with Basic,Gotthried,, $ 3.95 ,,TMH,,763544.0,CS/08-09/286/7,5.0,2.0
403.0,Theory & Prob. Of Program with Basic,Gotthried,, $ 3.95 ,,TMH,,763548.0,CS/08-09/286/7,4.0,19.0
404.0,Theory & Prob. Of Program with Basic,Gotthried,, $ 3.95 ,,TMH,,763546.0,CS/08-09/286/7,4.0,18.0
405.0,Theory & Prob. Of Program with Basic,Gotthried,, $ 3.95 ,,TMH,,763547.0,CS/08-09/286/7,5.0,3.0
406.0,Programming with Pascal,Gotthried,56.49,,,TMH,,763554.0,DCSE/74/1,5.0,28.0
407.0,Programming with Structured COBOL,New Comer,56.49,,,TMH,,763556.0,DCSE/74/1,5.0,30.0
408.0,Programming with Structured COBOL,New Comer,56.49,,,TMH,,763555.0,DCSE/74/1,5.0,29.0
409.0,Compiler Writing,Tremblay,107.25,,,TMH,,763557.0,DCSE/74/1,5.0,31.0
410.0,Advanced COBOL,Phillippakis,121.55,,,TMH,,763558.0,DCSE/74/1,5.0,32.0
411.0,An Introduction to Micro Computers,Bunnell,50.05,,,TMH,,763559.0,DCSE/74/1,5.0,33.0
412.0,Cobol Prog. Problems Solutions,M.K.Roy,45.00,,,TMH,,763561.0,DCSE/74/1,5.0,34.0
413.0,Cobol Prog. Problems Solutions,M.K.Roy,45.00,,,TMH,,763562.0,DCSE/74/1,5.0,35.0
415.0,Artificial Intelligence,Winston,697.13,,,AD,,763509.0,DCSE/74/1,5.0,36.0
416.0,Fortran 77,Jain & Suri,30.00,,,TMH,,758565.0,DCSE/74/1,5.0,37.0
417.0,Interfacing Techniques in Digital Des.,Krutz R.L,66.5,,,Wiley,,758566.0,DCSE/74/1,5.0,38.0
418.0,An Intro. To Digital Computer Design,Rajaraman et al.,,,,PHI,LOST,1105733.0,DCSE/19/5,4.0,18.0
419.0,Structured Basic - An Integrated Appr.,Ovilia,135.85,,,Megkoga,,758568.0,DCSE/74/1,5.0,39.0
420.0,Microsoft World 4.0 Simplified,Bolocan D.,270.99,,,Tab Books,,758569.0,DCSE/74/1,5.0,1.0
421.0,Proper Basic,Walsh B.O,614.19,,,Wiley,,758570.0,DCSE/74/1,5.0,2.0
422.0,Mastering Turbo Pascal,Swan,75.00,,,BPB,,758964.0,DCSE/74/1,5.0,3.0
422.0,Mastering Turbo Pascal,Swan,75.00,,,BPB,,764064.0,DCSE/19/2,1.0,9.0
423.0,Mastering C,Bolocan ,60.00,,,BPB,,760997.0,DCSE/74/1,5.0,4.0
424.0,Advanced 80386 Prog. Technique,Turley,344.25,,,MGH,,760998.0,DCSE/74/1,5.0,5.0
425.0,Quatlro : The Complete Reference,McCoy,399.5,,,MGH,,760999.0,DCSE/74/1,5.0,6.0
426.0,Quatlro : The Pocket Reference,Cobb,89.25,,,MGH,,761000.0,DCSE/74/1,5.0,7.0
427.0,Num. Methods from Science & Engg.,Stanron,29.00,,,PHI,,758986.0,DCSE/74/1,5.0,8.0
428.0,Num. Methods from Science & Engg.,Stanron,29.00,,,PHI,,758985.0,DCSE/74/1,5.0,9.0
429.0,Pascal : User Manual & Report,Jensenc & Wirth,48.00,,,Narosa,,758987.0,DCSE/74/1,5.0,10.0
430.0,Pascal : User Manual & Report,Jensenc & Wirth,48.00,,,Narosa,,758990.0,DCSE/74/1,5.0,11.0
431.0,Pascal : User Manual & Report,Jensenc & Wirth,48.00,,,Narosa,,758989.0,DCSE/74/1,5.0,12.0
432.0,Pascal : User Manual & Report,Jensenc & Wirth,48.00,,,Narosa,,758988.0,DCSE/74/1,5.0,13.0
434.0,Programming with Fortran-77,Kumar R.,48.00,,,TMH,,758993.0,DCSE/74/1,5.0,14.0
435.0,Programming with Fortran-77,Kumar R.,48.00,,,TMH,,758992.0,DCSE/74/1,5.0,15.0
436.0,Programming with Fortran-77,Kumar R.,48.00,,,TMH,,436.0,DCSE/74/1,5.0,16.0
437.0,dBase III Plus (5),,250.00,,,,,758998.0,DCSE/74/1,5.0,17.0
438.0,Assem. Prog. & 8086 Microprocessor,Jones,251.73,,,Oxford,,759000.0,DCSE/74/1,5.0,18.0
439.0,Crafting a Compiler,Fischer,671.25,,,The Benjamin Co.,,758938.0,DCSE/74/1,5.0,19.0
440.0,Assem. Lang. Prog. on the IBM PC,Hawksley,284.25,,,Wesley A.,,758937.0,DCSE/74/1,5.0,20.0
442.0,Introduction to Expert Systems,Jackson,225.00,,,Wesley A.,,758931.0,DCSE/74/1,5.0,21.0
443.0,Introduction to Artificial Intelligence,Charniak,235.00,,,Wesley A.,,758932.0,DCSE/74/1,5.0,22.0
444.0,Intro. to Auto. Theo. Lang. & Comp.,Hopcraft,75.00,,,Narosa,,758933.0,DCSE/74/1,5.0,23.0
445.0,An Intro. to dBase System Vol. 1,Date,75.00,,,Narosa,,758934.0,DCSE/74/1,5.0,24.0
446.0,Thr Art of C Programming,Jones,48.00,,,Narosa,,758935.0,DCSE/74/1,5.0,25.0
447.0,Intro. to Auto. Theo. Lang. & Comp.,Hopcraft,75.00,,,Narosa,,758963.0,DCSE/74/1,5.0,26.0
448.0,Intro. to Auto. Theo. Lang. & Comp.,Hopcraft,75.00,,,Narosa,,758962.0,DCSE/74/1,5.0,27.0
449.0,Mastering Turbo Pascal,Swan T.,75.00,,,BPB,,,DCSE/19/2,1.0,10.0
454.0,Programming with Fortran -77,Kumar R.,48.00,,,TMH,,764067.0,DCSE/19/2,1.0,11.0
455.0,Programming with Fortran -77,Kumar R.,48.00,,,TMH,,764066.0,DCSE/19/2,1.0,12.0
456.0,Complete Turbo Pascal,Duntomann J.,75.00,,,Galgotia,,764069.0,DCSE/19/2,1.0,14.0
458.0,Fundamental of Data Structures in Pascal,Horowith & Sahni,40.00,,,Galgotia,,764577.0,DCSE/19/2,1.0,15.0
459.0,Intro. to Auto. Theo. Lang. & Comp.,Hopcraft J.E.,75.00,,,Narosa,,764578.0,DCSE/19/2,1.0,16.0
460.0,Discrete Structures of Comp. Sc.,Levy L.S.,50.00,,,Wiley,,764579.0,DCSE/19/2,1.0,17.0
461.0,Programming in C,Krishnamoorthy,27.00,,,TMH,,764580.0,DCSE/19/2,1.0,18.0
462.0,In. Tech. in Dig. Des. with Em. on µps,Krutz R.L,71.61,,,Wiley,,764581.0,DCSE/19/2,1.0,19.0
463.0,Introduction to Operating Research,Gillett B.E.,60.00,,,TMH,,764582.0,DCSE/19/2,1.0,20.0
464.0,Mastering Turbo C,Bootler S.K.,90.00,,,BPB,,764583.0,DCSE/19/2,1.0,24.0
465.0,Comp. Net. & Distributed Processing,Martin J.,75.00,,,PHI,,764585.0,DCSE/19/2,1.0,23.0
466.0,Comp. Net. & Distributed Processing,Martin J.,75.00,,,PHI,,764584.0,DCSE/19/2,1.0,22.0
467.0,Micro Computing in COBOL,Richards R.M.,45.00,,,Galgotia,,764587.0,DCSE/19/2,1.0,25.0
468.0,Micro Computing in COBOL,Richards R.M.,45.00,,,Galgotia,,764586.0,DCSE/19/2,1.0,26.0
469.0,Complete Turbo Pascal,Duntoman,75.00,,,Galgotia,,764588.0,DCSE/19/2,1.0,27.0
470.0,Dis. Math. Structure for Comp. Sc.,Kolman & Busby,69.00,,,PHI,,764589.0,DCSE/19/2,1.0,28.0
471.0,Advanced Techniques in Lotus 1-2-3,Lensford,90.00,,,BPB,,764525.0,DCSE/19/2,1.0,29.0
472.0,Advance Turbo Basic,Knecht,353.43,,,,,764526.0,DCSE/19/2,1.0,30.0
473.0,Prog. The 8086/88 ; for IBM PC & Com.,Throne,291.73,,,Wesley A.,ISSUED (PKS),759943.0,DCSE/19/2,1.0,31.0
474.0,Prog. The 8086/88 ; for IBM PC & Com.,Throne,291.73,,,Wesley A.,,759941.0,DCSE/19/2,1.0,32.0
475.0,Prog. The 8086/88 ; for IBM PC & Com.,Throne,291.73,,,Wesley A.,,759942.0,DCSE/19/2,1.0,33.0
476.0,Introduction to Functional Prog.,Bird & Walder,476.20,,,PHI,,655614.0,DCSE/19/2,1.0,34.0
477.0,Computer Methods for Engineering,Juluria,205.90,,,PHI,,655615.0,DCSE/19/2,1.0,35.0
478.0,Intro. To Lisp & Symbole Manipulation,Hekmatpour,221.80,,,PHI,,655616.0,DCSE/19/2,1.0,3.0
479.0,Assembly & Assembler,Gorslinc,237.70,,,PHI,,655617.0,DCSE/19/2,1.0,2.0
480.0,Data Structure Using Pascal,Tanenbam,237.70,,,PHI,,655618.0,`,1.0,1.0
481.0,Operating Systems,Keller,254.40,,,PHI,,655619.0,DCSE/19/2,1.0,6.0
482.0,An Introduction to Prog. In Fortran-77,Schon Felder,376.84,,,B. Well,,65620.0,DCSE/19/2,1.0,5.0
483.0,Guide to Good Programming Practice,Meck,,,,EWP,,677691.0,DCSE/19/2,1.0,4.0
484.0,ADA : A Prog. Conversion Course,Collins,75.00,,,EWP,,677682.0,DCSE/19/2,1.0,21.0
485.0,Systems Analysis Des. & Comp. Appl.,Millisgton,80.00,,,EWP,,677683.0,DCSE/19/2,1.0,7.0
486.0,Principles of Text Processing,Teskey,65.00,,,EWP,,677684.0,DCSE/19/2,2.0,8.0
487.0,Programming in C for Unix,Schirmer,80.00,,,EWP,,677686.0,DCSE/19/2,2.0,9.0
488.0,An Introduction to ADA,Yonug,100.00,,,EWP,,677685.0,DCSE/19/2,2.0,1.0
490.0,C for Professional Programmers,Trizzard,65.00,,,EWP,,677688.0,DCSE/19/2,2.0,2.0
492.0,An Introduction to Lisp,Navaganan,75.00,,,EWP,,677690.0,DCSE/19/2,2.0,3.0
493.0,dBase IV Essentials,Hursch J.L.,54.00,,,BPB,,677692.0,DCSE/19/2,2.0,4.0
494.0,Mastering Xenix in the IBM PCAT,Hahn,90.00,,,BPB,,677693.0,DCSE/19/2,2.0,5.0
495.0,Programming the Intel 80386,Smith & Johnson,150.00,,,BPB,,677694.0,DCSE/19/2,2.0,6.0
496.0,Fundamental of  Structure COBOL Prog.,Fengold C.,80.00,,,Galgotia,,677695.0,DCSE/19/2,2.0,7.0
497.0,80386/80286 Assembly Language Prog.,Murray,110.00,,,Mc Graw,,677697.0,DCSE/19/2,2.0,10.0
498.0,Mathmatical Modelling,Kapur,45.00,,,Wiley,,760554.0,DCSE/19/2,2.0,11.0
499.0,IInd Cr. In Comp. Sc. With Modula-2,McGraken,77.11,,,Wiley,,760555.0,DCSE/19/2,2.0,12.0
500.0,Compiler Cons. For Digital Computers,Gries,159.00,,,Wiley,,760556.0,DCSE/19/2,2.0,13.0
501.0,Algorithms + Data Structure Prog.,Wirth,59.00,,,PHI,,760547.0,DCSE/19/2,2.0,14.0
502.0,Understanding Artificial Intelligence,Mis Kaff,60.00,,,H.W Sams Slo.,,760548.0,DCSE/19/2,2.0,15.0
504.0,The Turbo Pascal Trillogy,Bloom & Soyabel,90.00,,,BPB,,760550.0,DCSE/19/2,2.0,16.0
505.0,Turbo Prolog Future for Programmers,Nath S.,65.00,,,Galgotia,,760551.0,DCSE/19/2,2.0,17.0
506.0,The art of C Programming,Jones & Steroct,,,,,LOST,760552.0,DCSE/19/2,2.0,18.0
507.0,The Design of the Unix Operating Sys.,Bach,79.00,,,PHI,,760553.0,DCSE/19/2,2.0,19.0
508.0,Microcomp. Sys. The 8086/88 Family,Liv & Gibson,89.00,,,PHI,,389.0,DCSE/19/2,2.0,20.0
509.0,Microcomp. Sys. The 8086/88 Family,Liv & Gibson,89.00,,,PHI,,760630.0,DCSE/19/2,2.0,22.0
510.0,Microcomp. Sys. The 8086/88 Family,Liv & Gibson,89.00,,,PHI,,760628.0,DCSE/19/2,2.0,23.0
511.0,Microcomp. Sys. The 8086/88 Family,Liv & Gibson,89.00,,,PHI,,760629.0,DCSE/19/2,2.0,24.0
512.0,Microcomp. Sys. The 8086/88 Family,Liv & Gibson,89.00,,,PHI,,760626.0,DCSE/19/2,2.0,25.0
513.0,Advance MS DOS,Duncan,180.00,,,PHI,ISSUED (PKS),760625.0,DCSE/19/2,2.0,26.0
514.0,Comp. Arch. : A Modern Synthesis,Das Gupta,87.45,,,Wiley,,760622.0,DCSE/19/2,2.0,27.0
515.0,Comp. Arch. : A Modern Synthesis,Das Gupta,87.45,,,Wiley,,760623.0,DCSE/19/2,2.0,28.0
516.0,The Unix Programming Environment,Kernighan B.W.,69.00,,,PHI,,760624.0,DCSE/19/2,2.0,29.0
517.0,Cur & Sur for Comp. Aided Geo. Des,Farin,635.20,,,AP,,766555.0,DCSE/19/2,2.0,30.0
518.0,The MS Gu. To using the Quick C Com,M. Waite,317.20,,,Microsoft,,766291.0,DCSE/19/2,2.0,31.0
519.0,Frame Work  & Frame Work II,Pitman,114.95,,,Gosling,,766292.0,DCSE/19/2,2.0,32.0
520.0,The Manual Frame Work,William,36.00,,,BPB,,766293.0,DCSE/19/2,2.0,33.0
521.0,The Manual dBase III,Mezejewski,45.00,,,BPB,,766294.0,DCSE/19/2,2.0,34.0
522.0,Mastering dBase III Plus,Townsend,66.00,,,BPB,,766295.0,DCSE/19/2,2.0,36.0
523.0,Working with Lotus 1-2-3,Pridgoli,82.00,,,Jaico,,766524.0,DCSE/19/2,2.0,37.0
524.0,A First Book of C Programming,Bronson,84.00,,,Jaico,,766525.0,DCSE/19/2,2.0,41.0
526.0,The Manual dBase II,Mezejewski,45.00,,,BPB,,766526.0,DCSE/19/2,2.0,40.0
527.0,The Manual Lotus 1-2-3,Williams,45.00,,,BPB,,766527.0,DCSE/19/2,2.0,39.0
528.0,Understanding dBase III Plus,Simpson,54.00,,,BPB,,766528.0,DCSE/19/2,2.0,38.0
529.0,Mastering 1-2-3,Jorgenson,90.00,,,BPB,,766529.0,DCSE/19/2,2.0,35.0
530.0,The Illustiated dBase III ,Stultz,55.00,,,G.P,,766530.0,DCSE/19/2,2.0,21.0
531.0,Algorithms + Data Structure Prog.,Wirth,59.00,,,PHI,,766531.0,DCSE/19/2,3.0,1.0
532.0,Data Structure ,Reingold,60.00,,,CBS,,766532.0,DCSE/19/2,3.0,2.0
533.0,C Tutorial Turbo C,Bach Hurst,55.00,,,Galgotia,,766487.0,DCSE/19/2,3.0,3.0
534.0,Discrete Maths. With Algorithms,Albertson et al.,121.63,,,Wiley,,766488.0,DCSE/19/2,3.0,4.0
535.0,Programming Language Concept,Ghezzi,73.14,,,Wiley,,766489.0,DCSE/19/2,3.0,5.0
536.0,Advance MS DOS Programming,Duncan R.,180.00,,,BPB,,766490.0,DCSE/19/2,3.0,6.0
537.0,Compiler Con. Principle & Practice,Dhamdhere,80.00,,,McMillan,,766491.0,DCSE/19/2,3.0,7.0
538.0,Unix Utilities : A Prog. Ref.,Tare R.S,110.50,,,Megkoga,,766492.0,DCSE/19/2,3.0,8.0
539.0,Programming with Pascal,Konvalina & Wileman,151.05,,,Megkoga,,766493.0,DCSE/19/2,3.0,9.0
540.0,Trouble Shooting & Ref. the New PC,Margolis A.,75.00,,,BPB,,766494.0,DCSE/19/2,3.0,10.0
541.0,A First Book of C Programming,Bronson,84.00,,,Jaico,,766495.0,DCSE/19/2,3.0,11.0
542.0,Computers & Computer Language,Silverman & Furkiew,205.90,,,Mc Graw,,766496.0,DCSE/19/2,3.0,12.0
543.0,Small Computer Theory & Application,Dailey J.,142.30,,,Mc Graw,,766497.0,DCSE/19/2,3.0,13.0
544.0,Networking IBM PCs,Dorr. M.,60.00,,,Tech Publi.,,766498.0,DCSE/19/2,3.0,14.0
545.0,Micro Computer Application,Graver R.T. & Sugrue,237.70,,,Mc Graw,,766499.0,DCSE/19/2,3.0,15.0
546.0,Discrete Maths. : A Unified Approach,Witala,119.25,,,Mc Graw,,766500.0,DCSE/E/98/5,3.0,1.0
547.0,Modern Applied Algebra,Birkhott & Bartee,65.00,,,CBS,,766501.0,DCSE/19/2,3.0,16.0
550.0,Intro. To Des. & Analysis of Algorithm,Goodman,110.50,,,Mc Graw,,766503.0,DCSE/19/2,3.0,22.0
551.0,Discrete Math. Structure with Appl.,Tremblay & Manohar,126.40,,,Mc Graw,,766504.0,DCSE/19/2,3.0,24.0
552.0,Prolog Through Examples,Konoenko & Lavrae,55.00,,,Galgotia,,766506.0,DCSE/19/2,3.0,25.0
553.0,A Guide to Microcomp. Soft. For Busi.,Meier,289.54,,,Gan.,,761110.0,DCSE/19/2,3.0,26.0
554.0,Quatro,Mc Coy,421.35,,,Mc Graw,,761111.0,DCSE/19/2,3.0,27.0
555.0,Quatro Power User,Cobb,364.90,,,Mc Graw,,761112.0,DCSE/19/2,3.0,28.0
556.0,Mastering Turbo C,Book S.K.,90.00,,,BPB,,761101.0,DCSE/19/2,3.0,29.0
557.0,Understanding Comp. Science Appl.,Walker R.S.,54.00,,,Texals,,761102.0,DCSE/19/2,3.0,30.0
558.0,Cobol Prog. Problems Solutions,Roy M.K. Destidor,39.00,,,T.M.H,,761103.0,DCSE/19/2,3.0,31.0
559.0,Graph Theo with App to Eng & Comp,Deo N.,55.00,,,T.M.H,,761104.0,DCSE/19/2,3.0,35.0
560.0,Elements of Discrete Mathmatics,Liv C.L.,103.35,,,Mc Graw,,761105.0,DCSE/19/2,3.0,32.0
561.0,MicroComp. Architecture Prog.,Walkerly,87.45,,,Wiley,,761106.0,DCSE/19/2,3.0,33.0
562.0,Discrete Mathmatics with Algorithms,Albertson et al.,121.23,,,Wiley,,761107.0,DCSE/19/2,3.0,34.0
563.0,Discrete Mathmatics Stru. For Comp. Sc.,Kolman & Bushy,69.00,,,PHI,,761108.0,DCSE/19/2,3.0,19.0
565.0,File Handling in Turbo Pascal,Boisgontier J.D.C.,318.64,,,Paradigm,,761178.0,DCSE/19/2,3.0,20.0
566.0,A Sec. Cou. In Comp. Sci with Pascal,McCracken D.D.,67.95,,,J. Wiley,,761179.0,DCSE/19/2,3.0,21.0
567.0,Intro. To the Desi. And Anal. of Algo.,Goodman E.S. et al,110.50,,,Mc Graw,,761161.0,DCSE/19/2,3.0,23.0
569.0,Discrete Math A. Unified Approach,Wiitala A.S.,238.50,,,Mc Graw,,761163.0,DCSE/19/2,3.0,17.0
570.0,Theory & Prob. Comp. Graphics,Plastock A. Kalley G.,71.50,,,Mc Graw,,761181.0,DCSE/19/2,3.0,18.0
571.0,Inside Xenix,Morgan L.,60.00,,,BPB,,761184.0,DCSE/19/2,4.0,1.0
572.0,Computer Network,Tanenbaum,75.00,,,PHI,,761185.0,DCSE/19/2,4.0,2.0
573.0,Introduction to Data Structure,Singh B. & Nabs L.T.,66.00,,,T.M.H,,761187.0,DCSE/19/2,4.0,3.0
574.0,Introduction to System Software,Dhamdhere M.,45.00,,,T.M.H,,761190.0,DCSE/19/2,4.0,4.0
575.0,Introduction to System Software,Dhamdhere M.,45.00,,,T.M.H,,761189.0,DCSE/19/2,4.0,5.0
576.0,Introduction to System Software,Dhamdhere M.,45.00,,,T.M.H,,761188.0,DCSE/19/2,4.0,6.0
577.0,Interactive Computer Graphics,Giloi K.W.,69.00,,,PHI,,761186.0,DCSE/19/2,4.0,7.0
578.0,Understanding dBase Management,Prakash N.,69.00,,,T.M.H,,761191.0,DCSE/19/2,4.0,8.0
579.0,Pascal + Data Structure,Dale/Lilly,75.00,,,T.M.H,,761192.0,DCSE/19/2,4.0,9.0
580.0,Compiler Construction,Dhamdhere M.D.,80.00,,,Mc Millan,ISSUED (MG),761193.0,DCSE/19/2,4.0,10.0
581.0,Digital Circuits & Microprocessors,Taub H.,126.40,,,Mc Graw,,761182.0,DCSE/19/2,4.0,11.0
582.0,Programming Language,Tucker B.,119.75,,,Mc Graw,,761183.0,DCSE/19/2,4.0,12.0
583.0,An : Introduction to dBase System,Date J.,75.00,,,Narosa,,761194.0,DCSE/19/2,4.0,13.0
584.0,Understa. Unix: A Conceptual Guide,Groff R.J. Weinberg,60.00,,,One Tech,,761195.0,DCSE/19/2,4.0,14.0
585.0,Data Processing,French S.C.,35.00,,,Galgotia,,761196.0,DCSE/19/2,4.0,15.0
587.0,Exploting MS-DOS,Davies J.P. Backhurst,55.00,,,Galgotia,,761198.0,DCSE/19/2,4.0,16.0
588.0,Intro. To the Desi. And Anal. of Algo.,Goodman E.S. et al,110.50,,,Mc Graw,,761200.0,DCSE/19/2,4.0,17.0
589.0,C Program Utility,Whitsell F.,36.00,,,Galgotia,,761201.0,DCSE/19/2,4.0,18.0
590.0,Turbo C Programmers Resource Book,Holtz F.,396.70,,,Galgotia,,761199.0,DCSE/19/2,4.0,19.0
591.0,Prolog Wizard,Foster,396.70,,,J. Wiley,,767009.0,DCSE/19/2,4.0,20.0
592.0,C Wizard's Programming References,Schwarderer,317.20,,,J. Wiley,,767010.0,DCSE/19/2,4.0,21.0
593.0,dBase III Plus Application Liberary,Carlton Stewart,120.00,,,Tech Publi.,,766969.0,DCSE/19/2,4.0,22.0
594.0,Mastering Wordstar,Harvey,75.00,,,BPB,,766968.0,DCSE/19/2,4.0,23.0
595.0,Numerical Methods A Software Appr.,Johnston,71.50,,,J. Wiley,,766970.0,DCSE/19/2,4.0,24.0
596.0,Understanding dBase IV,Simpson,60.00,,,BPB,,766971.0,DCSE/19/2,4.0,25.0
597.0,HDD Mana. in the PC & MS DOS Env.,Sheldon,103.35,,,Mc Graw,,766972.0,DCSE/19/2,4.0,26.0
598.0,dBase III Plus,,,,,,,758997.0,DCSE/19/2,4.0,27.0
599.0,dBase III Plus,,,,,,,758996.0,DCSE/19/2,4.0,28.0
600.0,dBase III Plus,,,,,,,758995.0,DCSE/19/2,4.0,29.0
601.0,Pascal User Manual & Report,Jensenk & Wirth,44.50,,,N.P.H,,733318.0,DCSE/19/2,4.0,30.0
602.0,Fundamentals of Computer,Raja Raman,35.00,,,P.H.I,,733319.0,DCSE/19/2,4.0,31.0
603.0,The Science of Programming,Gries,55.00,,,Narosa,,733320.0,DCSE/19/2,4.0,32.0
604.0,Fundamentals of Algorithms,Knuth,75.00,,,Narosa,,733321.0,DCSE/19/2,4.0,33.0
605.0,Data Processing,Oliverces Champan,35.00,,,Galgotia,,733322.0,DCSE/19/2,4.0,34.0
606.0,Microprocessor Sys. Design Concepts,Alexandridis,68.00,,,Galgotia,,733323.0,DCSE/19/2,4.0,35.0
608.0,Matrix Analysis of Framed Structures,Weaver Gere,70.00,,,CBS,,733325.0,DCSE/19/2,4.0,36.0
609.0,Operating Systems Principles,Kurzban Heines et al.,120.00,,,CBS,,733326.0,DCSE/19/2,4.0,37.0
610.0,Microprocessor & Microcomp. Sys.,Rao,50.00,,,CBS,,733327.0,DCSE/19/2,4.0,38.0
611.0,Fortan IV for Beginners,Balaguruswamy,24.00,,,T.M.H,,733328.0,DCSE/19/2,5.0,8.0
612.0,A Data Book for Scientist & Engineers,Rama Lingam,45.00,,,IBH,,733329.0,DCSE/19/2,5.0,9.0
613.0,Computer Oriented Num. Method 2 ed,Raja Raman,22.00,,,P.H.I,,733330.0,DCSE/19/2,5.0,10.0
614.0,MP Cont. & Reli. Des. Of Small Comp.,Kraft Toy,535.35,,,AH,,733331.0,DCSE/19/2,5.0,11.0
615.0,Numerical Analysis for Computer,Lee,192.85,,,RPC,,733332.0,DCSE/19/2,5.0,12.0
616.0,A Microprocessor Course,Fohl,212.50,,,PBI,,733333.0,DCSE/19/2,5.0,13.0
617.0,Algorithms & Their Computer Solu.,Artiaga & Davis,179.95,,,Merrill,,733334.0,DCSE/19/2,5.0,14.0
618.0,Business Information Processing Sys.,Ellioff & Wasley,386.35,,,Irwin,,733335.0,DCSE/19/2,5.0,6.0
619.0,Fortan IV & Engg. Applications,Garg,60.00,,,Oxford,,733336.0,DCSE/19/2,5.0,7.0
620.0,Comp. App. For Techno-Econ. Devel.,Banerjee,120.00,,,Concept,,733337.0,DCSE/19/2,5.0,3.0
621.0,Coding Theorems of Infor. Theory,Wolfowitz,312.70,,,S / V,,733338.0,DCSE/19/2,5.0,4.0
622.0,Intro. To Formal Grammers,Gross Lentin,328.60,,,S / V,,733339.0,DCSE/19/2,5.0,5.0
623.0,Computer Studies,French ,35.00,,,Gd.,,733340.0,DCSE/19/2,5.0,15.0
624.0,Structured Programming in COBOL,Holmes,35.00,,,Galgotia,,733341.0,DCSE/19/2,5.0,23.0
625.0,Fund. Of Measu. & Repre. Of Natu. Sys.,Rosen,376.00,,,N.H,,733342.0,DCSE/19/2,5.0,24.0
626.0,Comp. Appl. On ECG & VCG Analysis,Zyurietz C. & Scheider,517.00,,,N.H,,733343.0,DCSE/19/2,5.0,16.0
627.0,BBC Programming Vol. 1,Hampshire,126.49,,,Duck,,733344.0,DCSE/19/2,5.0,17.0
628.0,The Home Computer Book I,Braubeer,126.49,,,Duck,,733345.0,DCSE/19/2,5.0,18.0
629.0,Exploring Adventures on the BBC,Gerrarol,126.49,,,Duck,,733346.0,DCSE/19/2,5.0,19.0
630.0,Microprocessor Software,Whithread,227.50,,,CHP,,733347.0,DCSE/19/2,5.0,1.0
631.0,Microprocessor App. In Busi. & Indu.,Whithread,227.50,,,CHP,,733348.0,DCSE/19/2,5.0,2.0
632.0,Laboratory on Line Computing,Brignell Rhodes,217.49,,,ITC,,733349.0,DCSE/19/2,5.0,20.0
633.0,Practical System Design,Daniels Yeates,95.00,,,Galgotia,,733350.0,DCSE/19/2,5.0,21.0
634.0,Pascal for Science & Engineering,McGregor & Watt,150.00,,,Galgotia,,733351.0,DCSE/19/2,5.0,22.0
636.0,Mathodical Programming in COBOL,Welland,35.00,,,Wheeler,,701757.0,DCSE/19/2,5.0,33.0
637.0,Introduction to Computer Architecture,Willis Kerridge,30.00,,,Wheeler,,701758.0,DCSE/19/2,5.0,34.0
639.0,Introducing Computer Security,Wood,65.00,,,NCC,,701760.0,DCSE/19/2,5.0,35.0
641.0,Microcomputers/Microprocessors,Hilburn Julich,42.00,,,P.H.I,,701762.0,DCSE/19/2,5.0,36.0
642.0,An : Introduction to Microcomputers,Osborne Kane,290.00,,,Galgotia,,701763.0,DCSE/19/2,5.0,37.0
643.0,An : Introduction to Microcomputers,Osborne Kane,290.00,,,Galgotia,,701764.0,DCSE/19/2,5.0,25.0
644.0,Pascal,Oatey Clare,36.00,,,Galgotia,,701765.0,DCSE/19/2,5.0,26.0
645.0,Programming Languages,Horowitz E.,150.00,,,,,701766.0,DCSE/19/2,5.0,27.0
646.0,Basic Programming,Holmes,35.00,,,Galgotia,,701767.0,DCSE/19/2,5.0,28.0
647.0,Microprocessor Sys. Design Concepts,Alexandrid,68.00,,,Galgotia,,701768.0,DCSE/19/2,5.0,29.0
648.0,Computer Data Base Organisation 2 ed,Martin,65.00,,,P.H.I,,701769.0,DCSE/19/2,5.0,30.0
649.0,Data Base Management System,Mayne,65.00,,,B.A,,701770.0,DCSE/19/2,5.0,31.0
650.0,Using Computers- A Manager's Guide,Pettu,60.00,,,B.A,,701771.0,DCSE/19/2,5.0,32.0
651.0,Fuzzy Math Appr. to Pattern Recogni.,Pal S.K & Majumdar,125.00,,,,,701772.0,CS/E/99-2,1.0,1.0
652.0,Design of Microprocessor Based Sys.,Bansal,40.00,,,Wiley,,701773.0,CS/E/99-2,1.0,2.0
653.0,Prog. & Computing with Fortran IV,Grover,14.50,,,Allied,,701774.0,CS/E/99-2,1.0,3.0
654.0,Analog Computation & Simulation,Raja Raman,27.00,,,P.H.I,,701775.0,CS/E/99-2,1.0,4.0
656.0,Computer Programming in Pascal,Raja Raman,35.00,,,P.H.I,,701777.0,CS/E/99-2,1.0,5.0
657.0,Computer Oriented Num. Method 2 ed,Raja Raman,25.00,,,P.H.I,,701778.0,CS/E/99-2,1.0,6.0
658.0,Modern Control System Theory,Gopal,48.00,,,Wiley,,701779.0,CS/E/99-2,1.0,7.0
659.0,Stru. Prog. & Prob. Solv. With Pascal,Kieburtz,192.85,,,P.H.I,,701780.0,CS/E/99-2,1.0,8.0
660.0,Computer in the Life Science,Lewis,181.09,,,CH,,701781.0,CS/E/99-2,1.0,10.0
661.0,Deve. Comp. Sol. For your Busi. Prob.,Peterson H.N,283.15,,,P/H,,701782.0,CS/E/99-2,1.0,9.0
662.0,Trans. & Display of Prac. Information,Peurson D.E,257.35,,,Wiley,,701783.0,CS/E/99-2,1.0,11.0
663.0,Research Design in General Semantics,Johnson,867.52,,,G & B,,701784.0,CS/E/99-2,1.0,12.0
664.0,Computer Architecture,Foster,257.35,,,V H R,,701785.0,CS/E/99-2,1.0,13.0
665.0,Descision Table Languages & Sys.,Metzner & Barnes,457.50,,,AP,,701786.0,CS/E/99-2,1.0,14.0
666.0,Microcomp. Software Buyer's Guide,Webster & Chapion,257.35,,,Mc Graw,,701787.0,CS/E/99-2,1.0,15.0
667.0,Microcomp. Buyer's Guide,Webster ,257.35,,,Mc Graw,,701788.0,CS/E/99-2,1.0,16.0
668.0,Programming in Fortan IV,Sharma,37.00,,,EWP,,701789.0,CS/E/99-2,1.0,17.0
669.0,8080 Machine Lang. Prog. For Beginners,Santore,,,,DP,,701790.0,CS/E/99-2,1.0,18.0
670.0,Elements of Fortran IV,Benzer,,,,GPC,,701791.0,CS/E/99-2,1.0,19.0
671.0,Problem Solving Using P/LC,"Richardson, Birkm",,,,Wiley,,701792.0,CS/E/99-2,1.0,20.0
672.0,µprog. Con & Rel. Des. Of small Comp.,Kraft Toy,535.35,,,P / H ,,701793.0,CS/E/99-2,1.0,21.0
673.0,Microsoft COBOL,,,,,Microsoft,,758378.0,CS/E/99-2,1.0,22.0
674.0,Microsoft COBOL,,,,,Microsoft,,758376.0,CS/E/99-2,1.0,23.0
675.0,Unix System V: Programmers Guides,,,,,,LOST,767286.0,CS/E/99-2,1.0,24.0
677.0,8087/80287/80387 for IBM PC & Com.,Startz,419.16,,,Brady,,767287.0,CS/E/99-2,1.0,25.0
678.0,Introduction to Computer Theory,Cohen,398.16,,,J. Wiely,,767288.0,CS/E/99-2,1.0,26.0
679.0,Introduction to Computer Theory,Cohen,398.16,,,,,767289.0,CS/E/99-2,1.0,27.0
680.0,COBOL Programming,Balaguruswamy,64.00,,,Mc Millan,,767290.0,CS/E/99-2,1.0,28.0
681.0,App. Dis. Stru. for Computer Science,Doerr Levasseur,70.00,,,Galgotia,,767291.0,CS/E/99-2,1.0,29.0
682.0,Programmers Guide to the IBM PC,Norton,368.76,,,Microsoft,,767270.0,CS/E/99-2,1.0,30.0
683.0,The Programmers PC Source Book,Hogan,419.16,,,Microsoft,,767271.0,CS/E/99-2,1.0,31.0
684.0,Artificial Intelligence Using C,Schildt,394.80,,,Mc Graw,,767272.0,CS/E/99-2,1.0,32.0
685.0,Quick C Bible,Barkakati,419.16,,,Jyoward W.Sams,,767273.0,CS/E/99-2,1.0,33.0
686.0,Quick C Programming,Moore,335.16,,,Microsoft,,767274.0,CS/E/99-2,1.0,34.0
687.0,Introduction to Computer Science,Tremblay Bunt,468.72,,,Mc Graw,,767276.0,CS/E/99-2,1.0,35.0
688.0,Introduction to Computer Science,Tremblay Bunt,468.72,,,Mc Graw,,767275.0,CS/E/99-2,1.0,36.0
689.0,Unix System V,Morgan McGilton,116.76,,,Mc Graw,,767277.0,CS/E/99-2,2.0,2.0
690.0,Prog. Guide to the Hercules Gra.Cards,Doty,419.16,,,A.Wesley,,767278.0,CS/E/99-2,2.0,1.0
691.0,Complete Language,Troy,419.16,,,Little Brown,,767279.0,CS/E/99-2,2.0,3.0
692.0,Prog.  with Adva. Structured COBOL,New Comer,415.80,,,Mc Graw,,767280.0,CS/E/99-2,2.0,4.0
693.0,Prog.  with Adva. Structured COBOL,New Comer,415.80,,,Mc Graw,,767284.0,CS/E/99-2,2.0,5.0
694.0,Prog.  with Adva. Structured COBOL,New Comer,415.80,,,Mc Graw,,767283.0,CS/E/99-2,2.0,6.0
695.0,Prog. With Adva. Structured COBOL,New Comer,,,,,LOST,767281.0,CS/E/99-2,2.0,7.0
697.0,File Organization & Processing,Tharp,129.36,,,J.Wiley,,767260.0,CS/E/99-2,2.0,8.0
698.0,A Simpli. Gu. to Struc. COBOL Prog.,McCracken Golden,84.00,,,J.Wiley,,767261.0,CS/E/99-2,2.0,9.0
699.0,Strucctured COBOL Programming,Stern,487.20,,,J.Wiley,,767262.0,CS/E/99-2,2.0,10.0
700.0,Strucctured COBOL Programming,Stern,487.20,,,J.Wiley,,767263.0,CS/E/99-2,2.0,11.0
701.0,A second course in Computer Science,McCracken,,,,,LOST,767265.0,CS/E/99-2,2.0,13.0
703.0,Computer Architecture,Das Gupta,94.44,,,J.Wiley,,767266.0,CS/E/99-2,2.0,12.0
705.0,Lect.on Num. Meth. In Bifurca. Prob.,Keller,25.00,,,Narosa,,767268.0,CS/E/99-2,2.0,15.0
708.0,Mastering DOS,Robbins,150.00,,,BPB,,767245.0,CS/E/99-2,2.0,16.0
709.0,Mastering Xenix,Hahn,,,,,LOST,767250.0,CS/E/99-2,2.0,14.0
710.0,Mastering Xenix ,Hahn,90.00,,,BPB,,767248.0,CS/E/99-2,2.0,17.0
711.0,Mastering Xenix ,Hahn,90.00,,,BPB,,767246.0,CS/E/99-2,2.0,18.0
712.0,Mastering Xenix ,Hahn,90.00,,,BPB,,767247.0,CS/E/99-2,2.0,19.0
713.0,Mastering Xenix ,Hahn,90.00,,,BPB,,767249.0,CS/E/99-2,2.0,20.0
714.0,Norton Utilities,Evans,42.00,,,BPB,,767251.0,CS/E/99-2,2.0,21.0
715.0,8086/8088/80286 Assembly Language,Scanlon,420.00,,,Bready,,767252.0,CS/E/99-2,2.0,22.0
716.0,Advanced Assembly Language,Holzner,445.20,,,Bready,,767253.0,CS/E/99-2,2.0,23.0
717.0,Inside the IBM PC ,Norton,840.00,,,Bready,,767255.0,CS/E/99-2,2.0,24.0
718.0,Inside the IBM PC ,Norton,840.00,,,Bready,,767254.0,CS/E/99-2,2.0,25.0
719.0,A First Book of C ,Bronson Menconi,84.00,,,JAICO,,767256.0,CS/E/99-2,2.0,26.0
720.0,DOS Programmers,Dettmann,419.16,,,QUE,,767257.0,CS/E/99-2,2.0,27.0
721.0,Discrete Mathmatics with Algorithms,Albertson Hutchinson,257.04,,,Wiely,,767258.0,CS/E/99-2,2.0,28.0
722.0,Discrete Mathmatics with Algorithms,Albertson Hutchinson,257.04,,,Wiely,,767259.0,CS/E/99-2,2.0,29.0
724.0,High Level Lang. & their Compilers,Watson D.,735.00,,,A.Wesley,,767316.0,CS/E/99-2,2.0,30.0
725.0,Prog. & Problem Solving with Pascal,Graham N.,65.00,,,Jaico,,767318.0,CS/E/99-2,2.0,31.0
726.0,Prog. & Problem Solving with Pascal,Graham N.,65.00,,,Jaico,,767217.0,CS/E/99-2,2.0,32.0
727.0,Principles of Parallel & Multiproce.,Desrochers,142.80,,,McGraw,,767321.0,CS/E/99-2,3.0,1.0
728.0,Comprehensive Guide to Turbo Pascal,Levine Drang et al.,126.00,,,McGraw,,767322.0,CS/E/99-2,3.0,2.0
729.0,C Data Base Development, Stevens,200.76,,,McGraw,,767323.0,CS/E/99-2,3.0,3.0
730.0,Artificial Intelligence & Expert Sys. Devel.,Rolston,126.00,,,McGraw,,767324.0,CS/E/99-2,3.0,4.0
731.0,Numerical Methods for Engineers,"Chapra, Canale",142.80,,,McGraw,,767325.0,CS/E/99-2,3.0,5.0
732.0,Principles of dBase Management,Martin,75.00,,,P.H.I,,767327.0,CS/E/99-2,3.0,6.0
733.0,Principles of dBase Management,Martin,75.00,,,P.H.I,,767326.0,CS/E/99-2,3.0,7.0
734.0,Advanced Graphics in C Prog. & Tech.,Johnson,445.20,,,MGH,,767365.0,CS/E/99-2,3.0,8.0
735.0,Num. Recipes Art of Scientific Comp.,Press Flannery et al.,770.00,,,Cambridge University Press,,761634.0,CS/E/99-2,3.0,9.0
736.0,Numerical Recipes in C,Press Flannery et al.,770.00,,,Cambridge University Press,,761635.0,CS/E/99-2,3.0,11.0
737.0,Numerical Recipes Example Book C,Vetterling T. et al.,420.00,,,Cambridge University Press,,761636.0,CS/E/99-2,3.0,12.0
738.0,Numerical Recipes Example Book (Pascal),Vetterling T. et al.,490.20,,,Cambridge University Press,,761637.0,CS/E/99-2,3.0,13.0
739.0,Numerical Recipes Example Book (Fortan),Vetterling T. et al.,490.20,,,Cambridge University Press,,761638.0,CS/E/99-2,3.0,15.0
740.0,The C Programming Language,Kernighan Ritchie.,,,,P.H.I,,767620.0,CS/E/99-2,3.0,10.0
741.0,The C Programming Language,Kernighan Ritchie.,,,,P.H.I,,767618.0,CS/E/99-2,3.0,14.0
742.0,The C Programming Language,Kernighan Ritchie.,,,,P.H.I,,767619.0,CS/E/99-2,3.0,16.0
743.0,The C Programming Language,Kernighan Ritchie.,,,,P.H.I,,767616.0,CS/E/99-2,3.0,18.0
744.0,The C Programming Language,Kernighan Ritchie.,,,,P.H.I,,767617.0,CS/E/99-2,3.0,19.0
745.0,The C Answer Book,Tondo Gimpel,,,,P.H.I,,767621.0,CS/E/99-2,3.0,17.0
747.0,How to solve it by Computer,Dromey,45.00,,,P.H.I,,761692.0,CS/E/99-2,3.0,20.0
748.0,How to solve it by Computer,Dromey,45.00,,,P.H.I,,761696.0,CS/E/99-2,3.0,21.0
749.0,How to solve it by Computer,Dromey,45.00,,,P.H.I,,761690.0,CS/E/99-2,3.0,22.0
750.0,How to solve it by Computer,Dromey,45.00,,,P.H.I,,761689.0,CS/E/99-2,3.0,23.0
751.0,How to solve it by Computer,Dromey,45.00,,,P.H.I,,761688.0,CS/E/99-2,3.0,24.0
752.0,How to solve it by Computer,Dromey,45.00,,,P.H.I,,761687.0,CS/E/99-2,3.0,25.0
753.0,How to solve it by Computer,Dromey,45.00,,,P.H.I,,761693.0,CS/E/99-2,3.0,26.0
754.0,How to solve it by Computer,Dromey,45.00,,,P.H.I,,761691.0,CS/E/99-2,3.0,27.0
755.0,How to solve it by Computer,Dromey,45.00,,,P.H.I,,761695.0,CS/E/99-2,3.0,28.0
756.0,How to solve it by Computer,Dromey,45.00,,,P.H.I,,761694.0,CS/E/99-2,3.0,29.0
757.0,Auto Cad Productivity Book,Schaefer B.,95.00,,,Galgotia,,767702.0,CS/E/99-2,3.0,31.0
758.0,COBOL Programming,Roy Dastidar,51.00,,,T.M.H,,767703.0,CS/E/99-2,3.0,30.0
759.0,Prog. & Problem Solving with Pascal,Graham ,65.00,,,JAICO,,767704.0,CS/E/99-2,3.0,31.0
760.0,Programming in C,Kochan,50.00,,,CBS,,767705.0,CS/E/99-2,3.0,32.0
761.0,Understading & Using dBase III Plus,Ross,60.00,,,JAICO,,767706.0,CS/E/99-2,3.0,33.0
762.0,Unix the Book,Banahan Rutter,60.00,,,GP,,767707.0,CS/E/99-2,3.0,34.0
763.0,Expert System,Naylor,,,,GALGOTIA,,767708.0,CS/E/99-2,3.0,35.0
764.0,Parallel Processing,A.Carling,,,,,,767709.0,CS/E/99-2,3.0,36.0
765.0,Expert System for PC,Chadwick Hannah,,,,,,767710.0,CS/E/99-2,3.0,37.0
766.0,How to solve it in Lisp,Hall,,,,,,767711.0,CS/E/99-2,3.0,38.0
767.0,Advanced Techniques in Auto Cad,Thomas,,,,,,767712.0,CS/E/99-2,4.0,6.0
768.0,Wordstar Instant Reference,Clark,,,,,,767713.0,CS/E/99-2,4.0,2.0
770.0,IBM pc,Peter abel,,,,PHI,,767838.0,CS/E/99-2,4.0,4.0
771.0,Digital Fundamentals,Floyd,75.00,,,UBS,,767847.0,CS/E/99-2,4.0,7.0
775.0,dBase III Plus for Beginners,Mathur,65.00,,,Galgotia,,767849.0,CS/E/99-2,4.0,11.0
776.0,Mastering Turbo C,Bootle,90.00,,,BPB,,767850.0,CS/E/99-2,4.0,8.0
777.0,Mastering Turbo C,Bootle,90.00,,,BPB,,767851.0,CS/E/99-2,4.0,9.0
778.0,Mod. & Ana. Of Comp. Comm. Net.,Hayes,65.00,,,,,767841.0,CS/E/99-2,4.0,10.0
780.0,Prin. of Interactive Comp. Graphics,Necoman Sproull,147.90,,,Mc Graw,,767843.0,CS/E/99-2,4.0,12.0
781.0,Principles of dBase Management,Martin,75.00,,,P.H.I,,767844.0,CS/E/99-2,4.0,13.0
782.0,Principles of dBase Management,Martin,75.00,,,P.H.I,,767845.0,CS/E/99-2,4.0,14.0
783.0,Principles of dBase Management,Martin,75.00,,,P.H.I,,767846.0,CS/E/99-2,4.0,15.0
784.0,The Off. Borland Turbo C Sur. Guide,Miller,565.50,,,J.Wiley,,767881.0,CS/E/99-2,4.0,16.0
785.0,DOS 4.0 References,Christipher,190.53,,,J.Wiley,,767882.0,CS/E/99-2,4.0,17.0
786.0,From Pascal to C,Brow,55.00,,,Narosa,,767883.0,CS/E/99-2,4.0,18.0
787.0,PC Magazine DOS Power Tools,Somerson,782.13,,,Bantam,,767884.0,CS/E/99-2,4.0,19.0
788.0,Theory of Computation,Wood,1668.66,,,J.Wiley,,767885.0,CS/E/99-2,4.0,20.0
789.0,Theory of Computation,Wood,1668.66,,,J.Wiley,,767886.0,CS/E/99-2,4.0,21.0
790.0,Fundamentals of Computers,"Raja Raman,V.",48.00,,,J.Wiley,,769995.0,CS/E/99-2,4.0,22.0
791.0,Fundamentals of Computers,"Raja Raman,V.",48.00,,,J.Wiley,,769996.0,CS/E/99-2,4.0,23.0
792.0,Fundamentals of Computers,"Raja Raman,V.",48.00,,,J.Wiley,,7699993.0,CS/E/99-2,4.0,24.0
793.0,Fundamentals of Computers,"Raja Raman,V.",48.00,,,J.Wiley,,769994.0,CS/E/99-2,4.0,25.0
797.0,Digital Fundamentals,Floyd,75.00,,,UBS,,767839.0,CS/E/99-2,4.0,5.0
798.0,Digital Fundamentals,Floyd,75.00,,,UBS,,762313.0,CS/E/99-2,5.0,5.0
799.0,Operating Sys.Design,Comer Fossum,, $ 16.95 ,,P.H.I,,770137.0,CS/E/99-2,5.0,4.0
800.0,Operating Sys.Design,Comer Fossum,, $ 16.95 ,,P.H.I,,770138.0,CS/E/99-3,5.0,6.0
801.0,Comp. Graphics Software Construction,Rankin,, $ 15.95 ,,P.H.I,,770136.0,CS/E/99-4,5.0,7.0
802.0,Understading & Using Wordstar,Lund,45.00,,,Jaico,,770139.0,CS/E/99-5,5.0,8.0
803.0,Computer Architecture & Organisation,Hayes,,,,Mc Graw,,762312.0,CS/E/99-6,5.0,13.0
805.0,Programming with Pascal,Sridhar,,,,Oxford,,762311.0,CS/E/99-7,5.0,12.0
806.0,Unix a programming guide,prata,,,,,,806.0,CS/E/99-8,5.0,18.0
807.0,C Programming Tutor,Wortman,59.00,,,P.H.I,,762309.0,CS/E/99-9,5.0,19.0
808.0,Operating System Design & Imple.,Tanenbaum,,,,,LOST,767837.0,CS/E/99-2,4.0,3.0
809.0,Operating System Design & Implem.,Tanenbaum,95.00,,,P.H.I,,762305.0,CS/E/99-2,5.0,17.0
810.0,Operating System Design & Implem.,Tanenbaum,95.00,,,P.H.I,,762306.0,CS/E/99-2,5.0,16.0
812.0,Proc. Elements for Computer Graphics,Rogers,113.10,,,Mc Graw,,762315.0,CS/E/99-2,5.0,21.0
813.0,Proc. Elements for Computer Graphics,Rogers,113.10,,,Mc Graw,,762316.0,CS/E/99-2,5.0,22.0
814.0,Discrete Math,Wiitala,,,,McGraw,,762317.0,CS/E/99-2,5.0,24.0
815.0,dBase III Plus for Beginners,Mathur,65.00,,,Galgotia,,762319.0,CS/E/99-2,5.0,23.0
816.0,dBase III Plus for Programming,Prague,60.00,,,BPB,,762321.0,CS/E/99-2,5.0,20.0
817.0,Theory & Problem of Boolean Algebra,Mendelson,78.30,,,Mc Graw,,762318.0,CS/E/99-2,5.0,15.0
818.0,Uses & Applications in dBase III Plus,Smith,95.00,,,Galgotia,,762320.0,CS/E/99-2,5.0,14.0
819.0,National Language Processing in Lisp,Guzdar,677.73,,,,,775394.0,CS/E/99-2,5.0,11.0
820.0,National Language Processing in Prolog,Guzdar,677.73,,,,,762317.0,CS/E/99-2,5.0,25.0
821.0,Compilers Principles Tech. & Tools,Aho,289.10,,,,,775395.0,CS/E/99-2,5.0,26.0
822.0,Using Assembly Language,Wyatt,240.00,,,BPB,,775379.0,CS/E/99-2,5.0,10.0
823.0,Clipper Programming Guide,Spence,90.00,,,BPB,,775384.0,CS/E/99-2,5.0,1.0
824.0,Clipper dBase Compiler Application,Beam,54.00,,,BPB,,775383.0,CS/E/99-2,5.0,3.0
825.0,Illustrated C Programming,Beam,60.00,,,BPB,,775382.0,CS/E/99-2,5.0,2.0
826.0,User Interfaces in C,Goodwin,75.00,,,BPB,,775381.0,CS/E/99-2,5.0,9.0
827.0,Teach Yourself C,Siegel,,,,BPB,,775380.0,CS/E/99-2,4.0,1.0
828.0,Wordstar Instant References,Clark,36.00,,,BPB,,775392.0,CS/E/99-2,5.0,28.0
829.0,Unix Power Utilities,Muster,,,,BPB,,775391.0,CS/E/99-2,5.0,29.0
830.0,Unix Programming on the 80286/386,Deikman,75.00,,,BPB,,775390.0,CS/E/99-2,5.0,27.0
831.0,Turbo C MR Uti Ser I/o & Prog. Tech,Stevens,75.00,,,BPB,,775389.0,DCSE/19/9,1.0,1.0
832.0,Illustrated Turbo Prolog,Mcallistar,75.00,,,BPB,,755085.0,DCSE/19/9,2.0,29.0
833.0,Introduction to Turbo Prolog,Townsend,60.00,,,BPB,,775387.0,DCSE/19/9,1.0,3.0
834.0,Mastering Turbo Pascal-5,Mergert,90.00,,,BPB,,775386.0,DCSE/19/9,1.0,4.0
835.0,Understanding Oracle,Perry,150.00,,,BPB,,775385.0,DCSE/19/9,1.0,5.0
836.0,dBase III Plus,Stultz,60.00,,,BPB,,773596.0,DCSE/19/9,1.0,6.0
837.0,Advance DOS,Hayman,75.00,,,BPB,,775397.0,DCSE/19/9,1.0,7.0
838.0,Advance MS DOS Programming,Duncan,240.00,,,BPB,,775398.0,DCSE/19/9,1.0,8.0
839.0,Mastering The Norton Utilities,Dayson,90.00,,,BPB,,775399.0,DCSE/19/9,1.0,9.0
840.0,Using Wordstar,Ditten ,150.00,,,BPB,,775400.0,DCSE/19/9,1.0,10.0
841.0,Data Networks,Bertsekas Gallager,242.73,,,P.H.I,,722632.0,DCSE/19/9,1.0,11.0
842.0,Comp. Engineering Hardware Design,Mano,173.13,,,P.H.I,,722630.0,DCSE/19/9,1.0,12.0
843.0,Program Construction & Varification,Hoare,242.73,,,P.H.I,,722633.0,DCSE/19/9,1.0,13.0
844.0,Architecture of small Computer Sys.,Lippiatt Wright,190.53,,,P.H.I,,722631.0,DCSE/19/9,1.0,14.0
845.0,A Portable Implementation,Hekmatpour,1070.10,,,,,722634.0,DCSE/19/9,1.0,15.0
846.0,Prog. Using the C Lang.,Hutchison/Just,,,,,,722635.0,DCSE/19/9,1.0,16.0
847.0,dBase Processing,Kroenke,60.00,,,Galgotia,,722636.0,DCSE/19/9,1.0,17.0
848.0,Computer dBase Organization,Martin,85.00,,,P.H.I,,722637.0,DCSE/19/9,1.0,18.0
849.0,Computer dBase Organization,Martin,85.00,,,P.H.I,,722639.0,DCSE/19/9,1.0,19.0
850.0,Computer dBase Organization,Martin,85.00,,,P.H.I,,722638.0,DCSE/19/9,1.0,20.0
851.0,Unix Utilities,Tare,123.70,,,Mc Graw,,722640.0,DCSE/19/9,1.0,21.0
854.0,Elements of Theory of Computation,Lecois,301.71,,,P.H.I,,722709.0,DCSE/19/9,1.0,22.0
855.0,Brinch Hansen on Pascal Compiler,Hansen,230.51,,,P.H.I,,722710.0,DCSE/19/9,1.0,23.0
856.0,Introduction to Microcomputer,Mathur,66.00,,,TMH,,722711.0,DCSE/19/9,1.0,24.0
857.0,dBase Processing Fund. Desi. & Impl.,Kroenke,60.00,,,Galgotia,,771840.0,DCSE/19/9,1.0,25.0
858.0,dBase Processing Fund. Desi. & Impl.,Kroenke,60.00,,,Galgotia,,771839.0,DCSE/19/9,1.0,26.0
859.0,Using Microsoft C,Feibel,390.71,,,Mc Graw,,771838.0,DCSE/19/9,1.0,27.0
860.0,dBase Language Hand Book,Kalman,180.00,,,BPB,,722784.0,DCSE/19/9,2.0,1.0
861.0,The Hard Disk Companian,Norton,69.00,,,P.H.I,,776806.0,DCSE/19/9,2.0,2.0
862.0,Communicating Sequential Processes,Hoare,79.00,,,P.H.I,,776807.0,DCSE/19/9,2.0,3.0
863.0,Basis VSLI System,Pucknell,79.00,,,P.H.I,,776808.0,DCSE/19/9,2.0,4.0
864.0,Solving Problem on Concurrent Proc.,Fox,337.31,,,P.H.I,,776809.0,DCSE/19/9,2.0,6.0
865.0,Mathmatical Methods for AI,Donghaty,301.71,,,P.H.I,,776810.0,DCSE/19/9,2.0,5.0
866.0,Symbolic Computation,Enderle G.,145.00,,,Narosa,,777428.0,DCSE/19/9,2.0,7.0
867.0,Data Management & File Processing,Loom's,69.00,,,P.H.I,,777429.0,DCSE/19/9,2.0,8.0
868.0,Elippers Programming Guide,Spena,90.00,,,BPB,,778062.0,DCSE/19/9,2.0,9.0
869.0,Introduction to Operations Research,Gillett,,,,,LOST,778063.0,DCSE/19/9,2.0,10.0
871.0,Data Networks,Bertsekes ,75.00,,,P.H.I,,778065.0,DCSE/19/9,2.0,11.0
872.0,Data Structures,Reingold,60.00,,,CBS,,778066.0,DCSE/19/9,2.0,12.0
873.0,Discrete Mathmatics ,Witalla,133.50,,,Mc Graw,,778067.0,DCSE/19/9,2.0,13.0
874.0,Proc. Elements for Computer Graphics,Rogers,115.70,,,Mc Graw,,778068.0,DCSE/19/9,2.0,14.0
875.0,Fortran 77,Reddy,112.00,,,Jaico,,755072.0,DCSE/19/9,2.0,15.0
876.0,Principles of Computer Aided Design,Rooney,100.00,,,EWP,,755073.0,DCSE/19/9,2.0,16.0
877.0,Computer Communication & Network,Freer,120.00,,,EWP,,755074.0,DCSE/19/9,2.0,17.0
878.0,Principles of Dogotal & Analog Comm.,Gibson,218.68,,,Mc Graw,,755075.0,DCSE/19/9,2.0,18.0
879.0,Computer Organization & Archtecture,Stallings,200.38,,,Mc Graw,,755076.0,DCSE/19/9,2.0,19.0
880.0,An Introduction to Numerical Comp.,Yakonitz,182.08,,,Mc Graw,,755072.0,DCSE/19/9,2.0,20.0
881.0,Data Base Processing,Kroenke,255.20,,,Mc Graw,,755078.0,DCSE/19/9,2.0,27.0
882.0,Theory of Finite Automata,Carrodi,236.98,,,P.H.I,,755079.0,DCSE/19/9,2.0,21.0
883.0,Data Types & Data Structures,Martin,346.78,,,P.H.I,,755080.0,DCSE/19/9,2.0,22.0
884.0,Real Time Computer Control,Bennett,346.78,,,P.H.I,,755081.0,DCSE/19/9,2.0,23.0
885.0,Software Engineering,Bek,255.28,,,P.H.I,,755082.0,DCSE/19/9,2.0,24.0
886.0,Data & Computer Communication,Stallings,236.98,,,MxMac,,755083.0,DCSE/19/9,2.0,25.0
887.0,Advanced Prog. in Pascal Data Stru.,Nyhaff,182.08,,,MxMac,,755084.0,DCSE/19/9,2.0,26.0
888.0,Illustrated Turbo Prolog,Meallister,75.00,,,BPB,,775388.0,DCSE/19/9,1.0,2.0
889.0,An Introduction to Prob. Theory & its App.,Feller,32.00,,,Wiley,,755087.0,DCSE/19/9,2.0,30.0
890.0,An Introduction to Prob. Theory & its App.,Feller,32.00,,,Wiley,,755086.0,DCSE/19/9,2.0,31.0
891.0,Stochastic Processes,Meelhi,35.00,,,Wiley,,755080.0,DCSE/19/9,2.0,28.0
892.0,Schaumus Probability & Satistics,Spiegel,100.65,,,MGH,,755089.0,DCSE/19/9,2.0,32.0
893.0,Schaumus Probability & Satistics,Spiegel,100.65,,,MGH,,755090.0,DCSE/19/9,2.0,33.0
894.0,Fundamentals of Computing,Alagar,273.58,,,P.H.I,,755091.0,DCSE/19/9,3.0,1.0
895.0,File System,Harbron,236.98,,,P.H.I,,755092.0,DCSE/19/9,3.0,2.0
896.0,Parallel & Distributed Computation,Bertsekus,310.18,,,P.H.I,,755093.0,DCSE/19/9,3.0,3.0
897.0,Operating System,Pinkers,310.18,,,P.H.I,,755094.0,DCSE/19/9,3.0,4.0
898.0,Elements of Theory of Computation,Lewis,255.28,,,P.H.I,,755095.0,DCSE/19/9,3.0,5.0
899.0,Data Commu. & Distributes Networks,Black,255.28,,,P.H.I,,755096.0,DCSE/19/9,3.0,6.0
900.0,File Techn. For dBase Org. in COBOL,Johnson,236.98,,,P.H.I,,755097.0,DCSE/19/9,3.0,7.0
901.0,Computer Science,Lew,310.18,,,P.H.I,,755098.0,DCSE/19/9,3.0,8.0
902.0,Principles of Programming Language,Tennent,65.00,,,P.H.I,,755099.0,DCSE/19/9,3.0,9.0
903.0,Introduction to Electronics Design,Mitchell,310.18,,,P.H.I,,755100.0,DCSE/19/9,3.0,10.0
904.0,Computer Vision for Robotic System,Fairehurst,255.28,,,P.H.I,,755101.0,DCSE/19/9,3.0,11.0
905.0,Expert System Application,Vadera,75.00,,,Galgotia,,779788.0,DCSE/19/9,3.0,12.0
906.0,Design of Computer Data Files,Hanson,90.00,,,EWP,,779789.0,DCSE/19/9,3.0,13.0
907.0,Essential of Computer Data Files,Hanson,55.00,,,EWP,,779790.0,DCSE/19/9,3.0,14.0
908.0,Logic Algebra & dBase,Gray P.,85.00,,,Wiley,,779791.0,DCSE/19/9,3.0,15.0
909.0,Interactive 3D Computer Graphics,Ammeral,106.14,,,P.H.I,,779792.0,DCSE/19/9,3.0,16.0
910.0,Programming Languages,Pratt,75.00,,,Galgotia,,779793.0,DCSE/19/9,3.0,17.0
912.0,Fundamentals of Computer Algorithm,Horowitz & Sahni,65.00,,,Galgotia,,779794.0,DCSE/19/9,3.0,18.0
913.0,Fundamentals of Computer Algorithm,Horowitz & Sahni,65.00,,,Galgotia,,779795.0,DCSE/19/9,3.0,19.0
914.0,Teach Yourself Unix,Ashley,60.00,,,Galgotia,,779787.0,DCSE/19/9,3.0,20.0
915.0,The Hand book of Art.  Intel. Vol. 1,Barr,511.48,,,AW,,779717.0,DCSE/19/9,3.0,21.0
916.0,The Hand book of Art.  Intel. Vol. 1,Barr,529.78,,,AW,,779718.0,DCSE/19/9,3.0,22.0
917.0,Computer Aided Design,Encarnaco S.,1144.00,,,SV,,779719.0,DCSE/19/9,3.0,23.0
918.0,Syntactic Pattern Recognition,Gonzalez Thompson,965.32,,,AW,,779720.0,DCSE/19/9,3.0,24.0
919.0,Finite Markov Chains,Kemeny Snell,979.00,,,SV,ISSUED (SKB),779721.0,DCSE/19/9,3.0,25.0
920.0,Introduction to Discrese Structures,Preparta/Yeh,1130.02,,,AW,,779722.0,DCSE/19/9,3.0,26.0
921.0,Robot Modelling,Ranky/Ho,1408.00,,,SV,,779723.0,DCSE/19/9,3.0,27.0
922.0,Building Expert System,Rath,1271.85,,,AW,,779724.0,DCSE/19/9,3.0,28.0
923.0,Lisp (3rd ed.),Winston/Horn,745.72,,,AW,,779725.0,DCSE/19/9,3.0,29.0
924.0,System Simulation,wolfgang Krenfzer,1020.20,,,AW,,779726.0,DCSE/19/9,3.0,30.0
925.0,Desi. & Ana. Of Comp. Comm. & Net.,Ahuja,145.48,,,MGH,,779727.0,DCSE/19/9,3.0,31.0
926.0,System Simulation (2nd ed.),Gerdon,65.00,,,P.H.I,,779728.0,DCSE/19/9,3.0,32.0
927.0,Comp. Aided Design & Manufacturing,Groover / Zimmes,75.00,,,P.H.I,,779729.0,DCSE/19/9,3.0,33.0
928.0,Digital Principles & Application,Malvino/Leach,100.65,,,MGH,,779730.0,DCSE/19/9,3.0,34.0
929.0,Operating Sys. (Concepts & Design),Milenkovic,163.78,,,MGH,,779731.0,DCSE/19/9,4.0,2.0
930.0,Software Engineering Concepts,Richard/Fairley,127.18,,,MGH,,779732.0,DCSE/19/9,4.0,1.0
931.0,Numerical Mathmatical Anal. 6th ed.,Scarborough,49.00,,,IBM,,779733.0,DCSE/19/9,4.0,3.0
932.0,Principles of Comm. System 2nd ed.,Taub/Schilling,145.48,,,MGH,,779734.0,DCSE/19/9,4.0,4.0
933.0,Common Lisp,Hennessey,163.78,,,MGH,,779735.0,DCSE/19/9,4.0,14.0
934.0,File Organisation for dBase Design,Wiederhold,155.55,,,MGH,,779736.0,DCSE/19/9,4.0,5.0
935.0,MS DOS Advanced Programming,Young,150.00,,,Tech,,779737.0,DCSE/19/9,4.0,6.0
936.0,Asse. Lang. Prog. For the IBM PCAT,Scanlon,456.58,,,Brady,,779738.0,DCSE/19/9,4.0,9.0
937.0,C with Assembly Language,Holzner,90.00,,,BPB,,779749.0,DCSE/19/9,4.0,8.0
938.0,Stretching Turbo Pascal,Porter,493.18,,,Brady,,779739.0,DCSE/19/9,4.0,7.0
939.0,Artificial Intelligence & Comp. Games,Bartle,327.35,,,Century,,779740.0,DCSE/19/9,4.0,21.0
940.0,80386 Programming Guide,Leventhal,401.68,,,Bentan,,779741.0,DCSE/19/9,4.0,19.0
941.0,The 80386 Book,Nelson,456.58,,,Microsoft,,779742.0,DCSE/19/9,4.0,20.0
942.0,Software Engineering,Pressman,,,,,,942.0,DCSE/19/9,4.0,18.0
943.0,Programmer's Guide to the EGA / VGA,Sutty/Blair,180.00,,,BPB,,779744.0,DCSE/19/9,4.0,17.0
944.0,The RS-232 Solution,Campbell,90.00,,,BPB,,779742.0,DCSE/19/9,4.0,22.0
945.0,Data Commu. Networks & Design,Barkey,150.00,,,BPB,,779746.0,DCSE/19/9,4.0,16.0
946.0,Programmer's Problem Solver,Jurordain,90.00,,,BPB,,779747.0,DCSE/19/9,4.0,15.0
947.0,Unix Programming on the 80286/386,Deikman,75.00,,,BPB,,779748.0,DCSE/19/9,4.0,13.0
948.0,Stru. Analysis & Design of Infor. Sys.,Aktas,163.78,,,P.H.I,,779903.0,DCSE/19/9,4.0,10.0
949.0,An Intro. To Prob. Theory & Its App.,Feller,88.00,,,Wiley,,779904.0,DCSE/19/9,4.0,11.0
950.0,An Intro. To Prob. Theory & Its App.,Feller,88.00,,,Wiley,,779905.0,DCSE/19/9,4.0,12.0
951.0,Real Time Software,Leigh,60.00,,,Jaico,,779906.0,DCSE/19/9,4.0,32.0
952.0,Computer System Architecture,Mano,75.00,,,P.H.I,,779912.0,DCSE/19/9,4.0,31.0
953.0,Software Reality,Muss,173.85,,,MGH,,779913.0,DCSE/19/9,4.0,30.0
954.0,A First Course in Probability,Ross,145.48,,,Maxwell,,779907.0,DCSE/19/9,4.0,29.0
955.0,The Busi. Gui. To Local Area Networks,Stallings,456.58,,,HWS,,779908.0,DCSE/19/9,4.0,28.0
956.0,Desi. & Prog. Modern Comp. Systems II,Svetlana,1107.15,,,P.H.I,,779909.0,DCSE/19/9,4.0,27.0
957.0,Operation Research,Taha,255.28,,,Maxwell,,779910.0,DCSE/19/9,4.0,26.0
958.0,Database Technology,Hughes,236.98,,,P.H.I,,779911.0,DCSE/19/9,4.0,25.0
959.0,Understanding CAD/CAM,Bowman,60.00,,,BPB,,779914.0,DCSE/19/9,4.0,24.0
960.0,Introduction to Numerical Analysis,Hildebrand,72.00,,,TMH,,779915.0,DCSE/19/9,4.0,23.0
961.0,System Simulation with Digital Comp.,Narsingh,49.00,,,P.H.I,,755369.0,DCSE/19/9,5.0,10.0
962.0,Stochastic Processes,Srinivasan,39.00,,,TMH,,779917.0,DCSE/19/9,5.0,13.0
963.0,Fundamental of Computer Algorithm,Horowitz ,79.00,,,Galgotia,,779918.0,DCSE/19/9,5.0,1.0
964.0,Exp. Sys. Dev. In Prolog & Tur Prolog,Smith,65.00,,,Galgotia,,779919.0,DCSE/19/9,5.0,2.0
965.0,Design of Computer Data Files,Hanson,90.00,,,EWP,,779920.0,DCSE/19/9,5.0,3.0
966.0,Essential of Computer Data Files,Hanson,55.00,,,EWP,,779921.0,DCSE/19/9,5.0,4.0
967.0,Real Time Computer Control,Bennett,346.78,,,P.H.I,,779922.0,DCSE/19/9,5.0,5.0
968.0,The Logic design of Operating System,Pric,,,,,LOST,779923.0,DCSE/19/9,5.0,6.0
969.0,Pattern Clasification & Acene Ana.,Duda,1320.34,,,J.Wiley,,779924.0,DCSE/19/9,5.0,14.0
970.0,Data Structures & Program design in C (REPLACE),Kruse.R,,,,,,970.0,DCSE/19/9,5.0,15.0
971.0,Introduction to Microprocessors,Leventhal,75.00,,,P.H.I,,779926.0,DCSE/19/9,5.0,19.0
972.0,The Practical Guide to Stru. Sys. Desi.,Jones,236.98,,,P.H.I,,779927.0,DCSE/19/9,5.0,20.0
973.0,Modern Computer Architecture,Rafiquzzaman,75.00,,,Galgotia,,779928.0,DCSE/19/9,5.0,21.0
974.0,Logic Algebra & database,Gray,85.00,,,EWP,,779929.0,DCSE/19/9,5.0,18.0
975.0,Principle of Operating System,Kigner,79.00,,,P.H.I,,779930.0,DCSE/19/9,5.0,28.0
976.0,Mastering Cross Talk,Gotton,60.00,,,Tech,,755233.0,DCSE/19/9,5.0,27.0
977.0,C Programming Principles,Gray,163.18,,,Mc Graw,,755234.0,DCSE/19/9,5.0,26.0
978.0,Math. Elements for Computer Graphics,Rogers,163.78,,,Mc Graw,,755235.0,DCSE/19/9,5.0,30.0
979.0,Harvard Graphics Version,Harvard,350.00,,,SKW,,755364.0,DCSE/19/9,5.0,24.0
980.0,PC Tools Deluxe Release,Manual,450.00,,,SKW,,755365.0,DCSE/19/9,5.0,11.0
981.0,Turbo Pascal Version,Manual,300.00,,,SKW,,755366.0,DCSE/19/9,5.0,12.0
982.0,Turbo C Version,Manual,400.00,,,SKW,,755368.0,DCSE/19/9,5.0,17.0
983.0,Turbo C Version,Manual,400.00,,,SKW,,755367.0,DCSE/19/9,5.0,7.0
984.0,PC/XT technical,Manual,300.00,,,SKW,,984.0,DCSE/19/9,5.0,8.0
985.0,Pattern Recognition Principles,Julius,1450.27,,,AW,,755359.0,DCSE/19/9,5.0,16.0
986.0,Principles of Artificial Intelligence,Nilsson,120.00,,,N.P.H,,755360.0,DCSE/19/9,5.0,9.0
987.0,Programming in Pascal,Sarda,40.00,,,Pitamber,,755361.0,DCSE/19/9,5.0,29.0
988.0,Desi. & Prog. Modern Comp. & Systems I,Svetlana Kartashev,1409.10,,,P.H.I,,756362.0,DCSE/19/9,5.0,23.0
989.0,Desi. & Prog. Modern Comp. & Systems III,Svetlana Kartashev,1134.60,,,P.H.I,,755362.0,DCSE/19/9,5.0,22.0
990.0,Mastering PC Tools Deluxe,Manual,120.00,,,BPB,,755356.0,DCSE/19/9,5.0,25.0
991.0,991,Computer Viruses,Manual,346.78,,ABACUS,,755357.0,DCSE/19/7,2.0,15.0
992.0,992,Disk Technician Advance,Manual,150.00,,SKW,,755358.0,DCSE/19/7,2.0,16.0
993.0,993,A Basis for Theoretical Computer Sci.,Arbib et al,719.20,,SV,,755354.0,DCSE/19/7,3.0,25.0
994.0,994,Fundamentals of Systems Analysis,Fitzgerlad,272.67,,Wiley,,755355.0,DCSE/19/7,3.0,4.0
995.0,995,Ruled Based Expert System,Buchanan,1334.98,,AW,,755352.0,DCSE/19/7,1.0,27.0
996.0,996,Recursive Programming Techniques,Burge,956.17,,AW,,755353.0,DCSE/19/7,1.0,29.0
997.0,997,Digital Image Processing,Gonzalez,1157.47,,AW,,755350.0,DCSE/19/7,1.0,4.0
998.0,998,The Art of Graphics for the IBM PC,McGreger,804.29,,AW,,755351.0,DCSE/19/7,3.0,2.0
999.0,999,Let's Talk Lisp,Siklossy,631.35,,P.H.I,,755349.0,DCSE/19/7,2.0,12.0
1000.0,The Com. Astr. (Pocket Gui. & Caset),Hamlyn,635.43,,,,,780262.0,CS/08-09/286/7,5.0,8.0
1001.0,1001,The Com. Astr. (Pocket Gui. & Caset),Hamlyn,635.43,/,,,780262.0,DCSE/19/7,1.0,21.0
1002.0,1002,Reliable Computer System,Shrivastava,1776.00,,S.V,,780263.0,DCSE/19/7,2.0,10.0
1003.0,1003,The Hand book of Art.  Intel. ,Paul,622.75,,AW,,780264.0,DCSE/19/7,3.0,17.0
1005.0,1005,Introduction to Operation Research,Gillett,78.00,,T.M.H,%%%,780796.0,DCSE/19/7,4.0,28.0
1006.0,1006,Programming Language,Pratt,75.00,,P.H.I,,780797.0,DCSE/19/7,3.0,28.0
1007.0,1007,Introduction to Automata Theory,Hopcraft/Ullman,85.00,,Narosa,,780798.0,DCSE/19/7,3.0,20.0
1008.0,1008,Mathmatical Modelling,Kapur,85.00,,Wesley Wiley,,780799.0,DCSE/19/7,2.0,25.0
1009.0,1009,Mathmatical Modelling,Kapur,85.00,,Wesley Wiley,,780801.0,DCSE/19/7,2.0,11.0
1011.0,1011,Mathmatical Modelling,Kapur,85.00,,Wesley Wiley,,780800.0,DCSE/19/7,2.0,13.0
1012.0,1012,Fundamental of Algorithms,Horowitz,65.00,,Galgotia,,780998.0,DCSE/19/7,2.0,5.0
1013.0,1013,Fundamental of Algorithms,Horowitz,65.00,,Galgotia,,780997.0,DCSE/19/7,2.0,14.0
1014.0,1014,Fundamental of Algorithms,Horowitz,65.00,,Galgotia,,780999.0,DCSE/19/7,2.0,1.0
1015.0,1015,Computer Vision,Ballard,1634.35,,P.H.I,,781000.0,DCSE/19/7,3.0,24.0
1016.0,1016,Unix for Programmers AN Intro.,Farkas,452.65,,JW,,781001.0,DCSE/19/7,3.0,3.0
1017.0,1017,Unix Command Reference,Christian,528.25,,JW,,781002.0,DCSE/19/7,2.0,6.0
1018.0,1018,The Unix Operating System,Christen,566.05,,,,781003.0,DCSE/19/7,4.0,16.0
1019.0,1019,Unix Administration Guide for System,Thomas,765.45,,P.H.I,,781004.0,DCSE/19/7,1.0,25.0
1020.0,1020,Fuzy sets & System Theory & App.,Dubois,1502.55,,AP,,781005.0,DCSE/19/7,3.0,21.0
1021.0,1021,Syntactic Methods in Pattern Recog.,Fu,1625.40,,AP,,781006.0,DCSE/19/7,3.0,23.0
1022.0,1022,Golden Com. Lisp A Hands on Appr.,Steele,694.57,,AW,,781007.0,DCSE/19/7,1.0,23.0
1023.0,1023,Comp. Architecture & Parallel Proce.,Hwang Briggs,,$ 8.95 ,Mc Graw,,781562.0,DCSE/19/7,2.0,23.0
1024.0,1024,Comp. Architecture & Parallel Proce.,Hwang Briggs,,$ 8.95 ,Mc Graw,,781563.0,DCSE/19/7,2.0,20.0
1025.0,1025,Comp. Architecture & Parallel Proce.,Hwang Briggs,,$ 8.95 ,Mc Graw,,781564.0,DCSE/19/7,2.0,22.0
1026.0,1026,Comp. Architecture & Parallel Proce.,Hwang Briggs,,$ 8.95 ,Mc Graw,,781565.0,DCSE/19/7,2.0,31.0
1027.0,1027,Comp. Architecture & Parallel Proce.,Hwang Briggs,,$ 8.95 ,Mc Graw,,781566.0,DCSE/19/7,3.0,22.0
1028.0,1028,Computer Graphics,Hearn Baker,135.00,,P.H.I,,781567.0,DCSE/19/7,2.0,17.0
1029.0,1029,Digital System,Boase,,,,,677480.0,DCSE/19/7,3.0,13.0
1030.0,1030,A Quick Reference Guide to MS DOS,E & C.E,36.00,,BPB,,803824.0,DCSE/19/7,1.0,26.0
1031.0,1031,Computer Architecture & Organisation,Hayes,169.15,,Mc Graw,,803825.0,DCSE/19/7,3.0,19.0
1032.0,1032,Software Engineering A Practitioner Approach (REPLACE),Pressman,,,Mc Graw Hill,,803827.0,DCSE/19/7,3.0,15.0
1033.0,1033,Programming Languages,Tucker,150.25,,Mc Graw,,803827.0,DCSE/19/7,1.0,24.0
1034.0,1034,Programming Languages Concepts,Ghezzi & Jazayeri,141.75,,Wiley,,803828.0,DCSE/19/7,3.0,12.0
1035.0,1035,Desi. Effi. Algo for Parallel Comp. Sys.,Quinn,150.25,,Mc Graw Hill,,803829.0,DCSE/19/7,3.0,18.0
1037.0,1037,Mathmatical Modelling,Kapur J.N,45.00,,Wiely,,803822.0,DCSE/19/7,1.0,20.0
1038.0,1038,Understanding Pascal Turbo Version,Bauman & Mandell,80.00,,Jaico,,803823.0,DCSE/19/7,4.0,27.0
1040.0,1040,Comp. Principles Techniques & Tools,"Aho,Sethi & Ullman",330.00,,Wesley,,756615.0,DCSE/19/7,3.0,11.0
1041.0,1041,Comp. Principles Techniques & Tools,"Aho,Sethi & Ullman",330.00,,Wesley,,756617.0,DCSE/19/7,1.0,22.0
1042.0,1042,Comp. Principles Techniques & Tools,"Aho,Sethi & Ullman",330.00,,Wesley,,756618.0,DCSE/19/7,3.0,9.0
1043.0,1043,Comp. Principles Techniques & Tools,"Aho,Sethi & Ullman",330.00,,Wesley,,756619.0,DCSE/19/7,2.0,19.0
1044.0,1044,The IBM PC : from the Inside Out,Sargent,260.00,,Wesley,,756620.0,DCSE/19/7,3.0,14.0
1045.0,1045,Computer Graphics & Programming,"Enderle, Kansy, Pfaff",145.00,,Narosa,,756621.0,DCSE/19/7,1.0,28.0
1047.0,1047,Fundamentals of Database System,,375.00,,Ben-Cumm,,756600.0,DCSE/19/7,4.0,25.0
1049.0,1049,Data Structures & Algorithms (REPLACE),"Aho,A.V",,,,,1049.0,DCSE/19/7,3.0,6.0
1050.0,1050,Introduction to Computer Theory,Cohen,,$ 13.00 ,Wiley,,756604.0,DCSE/19/7,3.0,7.0
1051.0,1051,Introduction to Computer Theory,Cohen,,$ 13.00 ,Wiley,,756605.0,DCSE/19/7,3.0,8.0
1052.0,1052,Introduction to Computer Theory,Cohen,,$ 13.00 ,Wiley,,756602.0,DCSE/19/7,2.0,29.0
1053.0,1053,Introduction to Computer Theory (REPLACE),Cohen,,,,,1053.0,DCSE/19/7,2.0,30.0
1054.0,1054,Discrete Mathmatics A Unified Appro.,Witalla,,$ 7.95 ,Mc Graw,,756606.0,DCSE/19/7,3.0,5.0
1055.0,1055,Discrete Mathmatics A Unified Appro.,Witalla,,$ 7.95 ,Mc Graw,,756607.0,DCSE/19/7,4.0,5.0
1060.0,1060,Turbo 'C' User's Guide,Borland,400.00,,Borland,,756699.0,DCSE/19/7,4.0,3.0
1061.0,1061,Turbo 'C' Reference Guide,Borland,400.00,,Borland,,756614.0,DCSE/19/7,1.0,6.0
1063.0,1063,Data & Computer Communications,Stallings,,$ 64.75 ,McMillan,,756593.0,DCSE/19/7,1.0,9.0
1065.0,1065,Data & Computer Communications,Stallings,,$ 64.75 ,McMillan,,756591.0,DCSE/19/7,1.0,11.0
1067.0,1067,Data & Computer Communications,Stallings,,$ 64.75 ,McMillan,,756590.0,DCSE/19/7,1.0,12.0
1068.0,1068,Local Networks,Stallings,,$ 9.45 ,McMillan,,756594.0,DCSE/19/7,4.0,1.0
1069.0,1069,The Art of Computer Prog. Vol.2,Knuth,,$ 68.75 ,Wesley,,756595.0,DCSE/19/7,3.0,27.0
1070.0,1070,The Art of Computer Prog. Vol.3,Knuth,,$ 68.75 ,Wesley,,756596.0,DCSE/19/7,4.0,21.0
1071.0,1071,Algorithms Theory & Practice,Brassard Bratley,,$ 31.90 ,Pr. Hall,,756598.0,DCSE/19/7,2.0,28.0
1072.0,1072,Algorithms Theory & Practice,Brassard Bratley,,$ 31.90 ,Pr. Hall,,756597.0,DCSE/19/7,4.0,22.0
1073.0,1073,On Pascal Compilers,Hansen,,$ 12.95 ,Pr. Hall,,756599.0,DCSE/19/7,2.0,21.0
1077.0,1077,PC Companion,Mehta,54.00,,BPH,,756754.0,DCSE/19/7,2.0,3.0
1079.0,1079,Unix Shell Programming 2nd ed.,Delmer,90.00,,Galgotia,,804502.0,DCSE/19/7,4.0,24.0
1080.0,1080,System Analysis & Design Methods,Whitten et al.,126.00,,Galgotia,,804503.0,DCSE/19/7,2.0,9.0
1081.0,1081,The Big Red Booky C,Sullinan,45.00,,Galgotia,,804504.0,DCSE/19/7,2.0,2.0
1082.0,1082,Variation in C,Schustack,180.00,,Microsoft,,804505.0,DCSE/19/7,4.0,26.0
1083.0,1083,The Comp. Virus Prote. Hand Book,Haynes,120.00,,BPB,,804506.0,DCSE/19/7,4.0,23.0
1086.0,1086,Data astructures: An Adv Appr. Using C,Esakov,252.53,,Pr. Hall,,804510.0,DCSE/19/7,2.0,8.0
1087.0,1087,Applications Programming in C,Johnsonbaugh,291.53,,McMillan,,804511.0,DCSE/19/7,1.0,1.0
1088.0,1088,Local Networks,Stallings,184.28,,McMillan,,804512.0,DCSE/19/7,1.0,2.0
1089.0,1089,Introduction to Computer Theory,Cohen,253.50,,Wiley,,804513.0,DCSE/19/7,2.0,4.0
1091.0,1091,Adv. Prog. In Pascal with Data Struct.,Nyhoff Leestma,230.15,,McMillan,,757938.0,DCSE/19/7,1.0,3.0
1092.0,1092,Rela dBase Desi. With Microcomp. App.,Jackson,260.30,,Pr. Hall,,757939.0,DCSE/19/7,4.0,29.0
1093.0,1093,An Intro. To Distri. & Paralled Comp.,Crichlow,179.90,,Pr. Hall,,757940.0,DCSE/19/7,4.0,31.0
1094.0,1094,The Haymlyn Dictionary of Comp.,Collin,116.61,,Hamlyn,,757941.0,DCSE/19/7,4.0,30.0
1098.0,1098,Operation Research,Bronson,110.55,,Mc Graw,,813632.0,DCSE/19/7,3.0,28.0
1100.0,1100,Compiler Design & Construction,Pyster,581.90,,Van Norst,,813634.0,DCSE/19/7,2.0,7.0
1101.0,1101,Elementary Numerical Analysis,Conte,175.87,,Mc Graw,,813635.0,DCSE/19/7,3.0,30.0
1102.0,1102,Elements of Parallel Computing,Raja Raman,39.00,,Pr. Hall,,813636.0,DCSE/19/7,3.0,26.0
1103.0,1103,Combintorics,Krishnamurty,110.00,,Ellis,,813637.0,DCSE/19/7,4.0,12.0
1104.0,1104,Pert and CPM ,Srinath,42.00,,EWP,,813638.0,DCSE/19/7,4.0,13.0
1105.0,1105,Database Design & Encyclopedia,Stamper,240.20,,Mc Graw,,813639.0,DCSE/19/7,3.0,10.0
1106.0,1106,Introduction to Operation Research,Hiller,300.50,,Mc Graw,,813640.0,DCSE/19/7,4.0,17.0
1107.0,1107,The Computer Virus Handbook,Levin,241.20,,Mc Graw,,813935.0,DCSE/19/7,2.0,24.0
1108.0,1108,Dvorak's Guide to PC Telecommuni.,Dvorock,442.20,,Mc Graw,,813936.0,DCSE/19/7,3.0,16.0
1109.0,1109,Using SCO Unix,Lebloud,321.60,,Mc Graw,,813937.0,DCSE/19/7,4.0,14.0
1111.0,1111,The ABC's of SCO Unix,Cuthburtson,75.00,,Tech Pub.,,813939.0,DCSE/19/7,2.0,27.0
1112.0,1112,Advanced Fractal Programming in C,Stevens,602.00,,BPB,,813921.0,DCSE/19/7,2.0,26.0
1115.0,An Introduction to Database System,Desai,110.00,,,Galgotia,,812658.0,CS/E/99-1,1.0,1.0
1116.0,1116,Mastering The Norton Utilities,Dyson,90.00,,BPB,,814143.0,DCSE/19/7,2.0,18.0
1117.0,1117,Illustrated Clipper 5.0,Muller,90.00,,BPB,,814144.0,DCSE/19/7,4.0,20.0
1118.0,1118,The ABC's of SCO Unix,Cuthburtson,75.00,,BPB,,814145.0,DCSE/19/7,4.0,19.0
1119.0,1119,Pascal Programming,Holmes,54.00,,BPB,,814146.0,DCSE/19/7,4.0,18.0
1120.0,1120,Computer Science,French,85.00,,Arnold ,,814147.0,DCSE/19/7,4.0,14.0
1121.0,1121,Understanding & Using dBase III Plus,Krumm,89.00,,Pr. Hall,,814148.0,DCSE/19/7,4.0,2.0
1122.0,1122,Clipper Programming Guide,Spence,120.00,,BPB,,814149.0,DCSE/19/7,1.0,7.0
1124.0,1124,The MS DOS Encyclopedia,Duncan,900.00,,Microsoft,,814152.0,DCSE/19/7,1.0,10.0
1126.0,1126,Syntax Analysis & Software Tools,Gough,1059.76,,Wesley,,783200.0,DCSE/19/7,4.0,7.0
1128.0,1128,Advanced Prog. in Clipper with C,Straley,622.96,,Wesley,,783202.0,DCSE/19/7,4.0,6.0
1129.0,1129,Programming Languages,Kamin,1341.60,,Wesley,,783203.0,DCSE/19/7,1.0,13.0
1130.0,1130,Introduction to Algorithm,Mauber,1341.60,,,,783212.0,DCSE/19/7,1.0,15.0
1131.0,1131,Operating System Concepts,Silberschatz et al.,1171.76,,Wesley,,783205.0,DCSE/19/7,1.0,8.0
1132.0,1132,Programming Language Translation,Terry,951.00,,Wesley,,783206.0,DCSE/19/7,1.0,16.0
1133.0,1133,Prolog by Examples,Caelho,800.00,,Springer,,783207.0,DCSE/19/7,1.0,18.0
1134.0,1134,An Intro. To Programming in Prolog,Saint Dizier,487.50,,Springer,,783208.0,DCSE/19/7,1.0,19.0
1135.0,1135,A System V Guide to Unix & Xenix,Tophem et al.,975.00,,Springer,,783209.0,DCSE/19/7,1.0,5.0
1136.0,1136,Fractals and Chaos,Crilly,975.00,,Springer,ISSUES (SKB),783210.0,DCSE/19/7,1.0,17.0
1137.0,1137,Frontiers in Parallel Computing,Bhatkar,350.00,,Narosa ,,783211.0,DCSE/19/7,4.0,32.0
1139.0,1139,A Guide to Networking,Cohen,172.64,,Boyd,,783213.0,DCSE/19/7,4.0,10.0
1140.0,1140,Applied Numerical Methods with PCs,Constantinides,352.56,,Mc Graw,,783214.0,DCSE/19/7,4.0,9.0
1141.0,1141,Local Area Network,Keiper,206.96,,Mc Graw,,783215.0,DCSE/19/7,3.0,1.0
1142.0,1142,2000 Solved Problems in Num. Ana.,Scheid,176.80,,Mc Graw,,783216.0,DCSE/19/7,4.0,11.0
1143.0,1143,Database System Principles,Ricardo,248.56,,McMillan,,783217.0,DCSE/19/7,1.0,14.0
1145.0,1145,Microsoft Quick Basic Compiler,Microsoft,73.00,,Microsoft,,805954.0,DCSE/19/7,4.0,4.0
1146.0,1146,Programming in Ada,Tremblay et al.,258.12,,Mc Graw,,805955.0,DCSE/19/7,4.0,8.0
1150.0,Prog. Lang. Des. & Implementation,Pratt,95.00,,,P.Hall,,806135.0,CS/08-09/286/7,4.0,9.0
1153.0,Microprocessors: Principles & Appli.,Pal,51.00,,,TMH,,806138.0,CS/08-09/286/7,3.0,8.0
1154.0,Microprocessors: Principles & Appli.,Pal,51.00,,,TMH,,806139.0,CS/08-09/286/7,3.0,9.0
1156.0,Introduction to Operation Research,Gillett,81.00,,,TMH,,806141.0,CS/08-09/286/7,3.0,20.0
1156.0,Introduction to Operation Research,Gillett,81.00,,,TMH,,806141.0,DCSE/E/98/5,2.0,17.0
1161.0,Memory,Intel,548.63,,,Intel,,806130.0,CS/08-09/286/7,3.0,6.0
1162.0,Peripherals,Intel,686.12,,,Intel,,806131.0,CS/08-09/286/7,3.0,7.0
1164.0,Mastering Turbo C,Kelly Botle,180.00,,,BPB,,807167.0,CS/08-09/286/7,3.0,19.0
1168.0,Computer Graphics,Hearn & Baker,135.00,,,P.H.I,,807170.0,CS/08-09/286/7,3.0,11.0
1173.0,Common Lisp Language,Steel,135.00,,,P.H.I,,807177.0,CS/08-09/286/7,3.0,25.0
1174.0,Common Lisp Language,Steel,135.00,,,P.H.I,,807175.0,CS/08-09/286/7,3.0,26.0
1175.0,Programming Language,Pratt,95.00,,,P.H.I,,807176.0,CS/08-09/286/7,3.0,27.0
1176.0,Theory and Prob. Of Computer Graphics,Plastock,, $ 5.95 ,,MCG,,808178.0,CS/08-09/286/7,2.0,12.0
1177.0,Theory and Prob. Of Computer Graphics,Plastock,, $ 5.95 ,,MCG,,807179.0,CS/08-09/286/7,2.0,13.0
1178.0,Theory and Prob. Of Computer Graphics,Plastock,, $ 5.95 ,,MCG,,807180.0,CS/08-09/286/7,2.0,14.0
1179.0,Proce. Elements for Comp. Graphics,Rogers,, $ 6.50 ,,Mc Graw,,1179.0,DCSE/E/98/5,2.0,16.0
1179.0,Proce. Elements for Comp. Graphics,Rogers,, $ 6.50 ,,Mc Graw,,807182.0,CS/08-09/286/7,2.0,15.0
1182.0,Computer Graphics,Harrington,, $ 7.95 ,,MSG,,807186.0,CS/08-09/286/7,3.0,23.0
1183.0,Computer Graphics,Harrington,, $ 7.95 ,,MSG,,807185.0,CS/08-09/286/7,3.0,22.0
1184.0,Artificial Intelligence ,Rich,, $ 6.95 ,,MSG,,807187.0,CS/08-09/286/7,2.0,2.0
1185.0,Advanced Prog. Guide to Unix Sys. V,Thomas,, $ 6.95 ,,MSG,,807188.0,CS/08-09/286/7,3.0,24.0
1186.0,Database Processing,Kroenke,79.00,,,Galgotia,,807189.0,CS/08-09/286/7,3.0,10.0
1187.0,Intro. to Operation Research,Gillett,81.00,,,TMH,,807421.0,CS/08-09/286/7,4.0,10.0
1188.0,Theory & Prob. of Operation Research,Bronson R.,157.30,,,Mc Graw,,807422.0,CS/08-09/286/7,2.0,22.0
1189.0,Theory & Prob. of Prog. With C,Gottfried B.S.,, $ 5.95 ,,Mc Graw,,807425.0,CS/08-09/286/7,2.0,21.0
1190.0,Theory & Prob. of Prog. With C,Gottfried B.S.,, $ 5.95 ,,Mc Graw,,807424.0,CS/08-09/286/7,3.0,4.0
1191.0,Theory & Prob. of Prog. With C,Gottfried B.S.,, $ 5.95 ,,Mc Graw,,807423.0,CS/08-09/286/7,3.0,5.0
1192.0,File Organisation for dBase Design,Wiederhold,69.00,,,Mc Graw,,814759.0,CS/08-09/286/7,2.0,11.0
1193.0,Database Comp. Prin. And Arch.,Su S.Y.W,227.00,,,Mc Graw,,814758.0,CS/08-09/286/7,2.0,3.0
1197.0,A II nd Cou. In Comp. Sc. With Pascal,McCraken,185.90,,,J.Wiley,,815394.0,CS/08-09/286/7,4.0,21.0
1202.0,Hand of Al. & Data Stru. In Pascal & C,Gonnet Yates,1819.13,,,Wesley,,829230.0,CS/08-09/286/7,3.0,21.0
1203.0,The IBM PC Connection,Coffron,60.00,,,BPB,,829223.0,CS/08-09/286/7,2.0,22.0
1211.0,Structured Computer Organisation,Tanenbaum,95.00,,,PHI,,811918.0,CS/08-09/286/7,3.0,1.0
1212.0,Structured Computer Organisation,Tanenbaum,95.00,,,PHI,,811914.0,CS/08-09/286/7,3.0,2.0
1213.0,Structured Computer Organisation,Tanenbaum,95.00,,,PHI,,811915.0,CS/08-09/286/7,3.0,3.0
1223.0,Designing aI Based Software,Bahrami A.,120.00,,,BPB,,812029.0,CS/08-09/286/7,2.0,16.0
1231.0,Modern Computer Architecture,Raffiquzzman,95.00,,,Galgotia,,812037.0,CS/08-09/286/7,2.0,18.0
1240.0,Mathmatical Modelling,Kapur,50.00,,,Wiely,,812217.0,CS/08-09/286/7,2.0,19.0
1241.0,Introduction to Operation Research,Gillett,96.00,,,TMH,,812218.0,CS/08-09/286/7,2.0,20.0
1244.0,MS DOS/PC DOS 5 Quick Ref. Man.,B.P.B,36.00,,,BPB,,812229.0,DCSE/74/2,2.0,27.0
1246.0,Introduction to Computer Memory,Cohen D.I.A,, $ 13.00 ,,Wiely,,812223.0,CS/08-09/286/7,3.0,18.0
1247.0,Data and Computer Communication,Stallings,, $ 12.95 ,,Max/Mac,,812225.0,CS/08-09/286/7,2.0,17.0
1250.0,Introduction to Computer Theory (REPLACE),Cohen,,,,wiley,,812477.0,CS/08-09/286/7,2.0,23.0
1252.0,Data Processing,Kroenke,100.00,,,Galgotia,,812479.0,CS/08-09/286/7,3.0,8.0
1253.0,Data Processing,Kroenke,100.00,,,Galgotia,,812480.0,CS/08-09/286/7,3.0,9.0
1254.0,Data Processing,Kroenke,100.00,,,Galgotia,,812478.0,CS/08-09/286/7,4.0,6.0
1255.0,Prog. With Adva. Structured COBOL,New Commer,189.80,,,Mc Graw,,812482.0,CS/08-09/286/7,4.0,7.0
1260.0,Artificial Intelligence ,Rich & Knight,150.00,,,TMH,,812486.0,CS/08-09/286/7,3.0,14.0
1261.0,Handbook of Biomedical Instrumen.,Khandpur,330.00,,,TMH,,812488.0,CS/08-09/286/7,3.0,15.0
1262.0,Artificial Intelligence ,Rich & Knight,150.00,,,TMH,,812483.0,CS/08-09/286/7,4.0,22.0
1263.0,Fundamentals of Computers,Raja Raman,55.00,,,PHI,,812490.0,CS/08-09/286/7,4.0,23.0
1264.0,Fundamentals of Computers,Raja Raman,55.00,,,PHI,,812493.0,CS/08-09/286/7,3.0,13.0
1265.0,Fundamentals of Computers,Raja Raman,55.00,,,PHI,,812491.0,CS/08-09/286/7,3.0,12.0
1266.0,Fundamentals of Computers,Raja Raman,55.00,,,PHI,,812494.0,CS/08-09/286/7,4.0,8.0
1267.0,Fundamentals of Computers (REPLACE),Raja Raman,,,,,,812492.0,CS/08-09/286/7,2.0,24.0
1270.0,Funda. Of Comp.Algorithms (REPLACE),Horowitz.E,,,,,,812498.0,CS/08-09/286/7,4.0,11.0
1271.0,Microcomputert Systems,Liv Gibson,100.00,,,Galgotia,,812499.0,CS/08-09/286/7,4.0,12.0
1272.0,Intro. to Auto. Theo. Lang. & Comp.,Hopcraft & Ullman,95.00,,,PHI,,1272.0,CS/08-09/286/7,4.0,4.0
1273.0,Computer Assisted Decision Models,Kapoor R.,100.00,,,Galgotia,,812648.0,CS/08-09/286/7,4.0,3.0
1276.0,Illustrated Turbo C++,Wang & Bibb,150.00,,,TMH,,812651.0,CS/08-09/286/7,4.0,24.0
1277.0,Programming in C++,Chirlian,70.00,,,CBS,,812654.0,CS/08-09/286/7,4.0,2.0
1278.0,Programming in C++,Chirlian,70.00,,,,,812653.0,CS/08-09/286/7,4.0,1.0
1284.0,Exploring Artificial Intelligence ,Shrobe,668.12,,,Morgan Kaufiman,,812722.0,CS/E/99-1,1.0,2.0
1284.0,Exploring Artificial Intelligence ,Shrobe,668.12,,,Morgan Kaufiman,,812224.0,CS/08-09/286/7,5.0,10.0
1286.0,dBase III Plus Made Simple,Taxali,66.00,,,TMH,,812804.0,CS/E/99-1,1.0,7.0
1287.0,dBase III Plus Made Simple,Taxali,66.00,,,TMH,,812809.0,CS/E/99-1,1.0,8.0
1291.0,Introduction to Computer Science,Tremblay Bunt,, $ 14.95 ,,TMH,,812801.0,CS/E/99-1,1.0,9.0
1292.0,Introduction to Computer Science,Tremblay Bunt,, $ 14.95 ,,TMH,,812802.0,CS/E/99-1,1.0,10.0
1293.0,Introduction to Computer Science,Tremblay Bunt,, $ 14.95 ,,TMH,,812803.0,CS/E/99-1,1.0,11.0
1294.0,Ux Sys. V/386 R. 4 Net. User & Ad. Gu.,AT & T,175.00,,,PHI,,812818.0,CS/E/99-1,1.0,12.0
1295.0,Ux Sys. V/386 R. 4 Pd. O/V & Mas Ind,AT & T,95.00,,,PHI,,812824.0,CS/E/99-1,1.0,13.0
1296.0,Ux Sys. V/386 R. 4 Sys. Adm. Ref. Man.,AT & T,225.00,,,PHI,,812820.0,CS/E/99-1,1.0,14.0
1297.0,Ux Sys. V/386 R. 4 Mouse Dr. Adm.Gu.,AT & T,125.00,,,PHI,,812822.0,CS/E/99-1,1.0,15.0
1298.0,Ux Sys. V/386 R. 4 User's Ref. Man..,AT & T,22.00,,,PHI,,812826.0,CS/E/99-1,1.0,16.0
1299.0,Ux Sys. V/386 R. 4 Sys. Adm. Guide.,AT & T,150.00,,,PHI,,812819.0,CS/E/99-1,1.0,17.0
1300.0,Ux Sys. V/386 R. 4 Net. User's Guide,AT & T,195.00,,,PHI,,812812.0,CS/E/99-1,1.0,18.0
1301.0,Ux Sys. V/386 R. 4 Prog. Ref. Manual,AT & T,175.00,,,PHI,,812821.0,CS/E/99-1,2.0,1.0
1302.0,Ux Sys. V/386 Prog. Gu: SCSI Dr. Int.,AT & T,59.00,,,PHI,,812829.0,CS/E/99-1,2.0,2.0
1303.0,Ux Sys. V R. 4 Pg Gu: ANSI Pg. Su. Tls.,AT & T,195.00,,,PHI,,812811.0,CS/E/99-1,2.0,3.0
1304.0,US V R. 4 P Gu: Ch U Int. FMLI & ETI,AT & T,195.00,,,PHI,,812814.0,CS/E/99-1,2.0,4.0
1305.0,Ux Sys. V R. 4 Prog. Gu Net. Interfaces,AT & T,195.00,,,PHI,,812813.0,CS/E/99-1,2.0,5.0
1307.0,Ux Sys. V R. 4 Prog. Gu POSIX Con.,AT & T,29.00,,,PHI,,812827.0,CS/E/99-1,2.0,6.0
1308.0,U S V R4 PG Sys Ser & App Pac Tools,AT & T,125.00,,,PHI,,812815.0,CS/E/99-1,2.0,7.0
1309.0,Ux Sys. V/386 R. 4 Dev Dr Int Ref Man,AT & T,95.00,,,PHI,,812825.0,CS/E/99-1,2.0,8.0
1310.0,Ux Sys. V R. 4 Prog. Guide Streaming,AT & T,135.00,,,PHI,,812810.0,CS/E/99-1,2.0,9.0
1311.0,Ux Sys V/386 R 4 Inte. Int. Develop.,AT & T,125.00,,,PHI,,812823.0,CS/E/99-1,2.0,10.0
1312.0,Ux Sys. V ANSI C Transition Guide,AT & T,29.00,,,PHI,,812817.0,CS/E/99-1,2.0,11.0
1313.0,Ux Sys. V R 4 BSD/Xenix Comp. Gu.,AT & T,95.00,,,PHI,,812816.0,CS/E/99-1,2.0,12.0
1314.0,Ux Sys. V/386 Rel 4 Migration Guide,AT & T,49.00,,,PHI,,812828.0,CS/E/99-1,2.0,13.0
1315.0,Data and Computer Communication,Stallings,, $ 12.95 ,,PHI,,812830.0,CS/E/99-1,2.0,14.0
1316.0,Operation Research,Taha,460.95,,,McMillan,,812981.0,CS/E/99-1,2.0,15.0
1317.0,Linear Programming with Applications,Strayer J.K,88.00,,,Narosa ,,817044.0,CS/E/99-1,2.0,16.0
1318.0,Linear Programming with Applications,Strayer J.K,88.00,,,Narosa ,,817043.0,CS/E/99-1,2.0,17.0
1319.0,Algebra for Computer Science,"Garding L., Tabour T.",75.00,,,Narosa ,,817046.0,CS/E/99-1,2.0,18.0
1320.0,Algebra for Computer Science,"Garding L., Tabour T.",75.00,,,Narosa ,,817045.0,CS/E/99-1,2.0,19.0
1322.0,Comp. Aided Des. Soft. & Ana. Tools,Jalote P,275.00,,,Springer Verley,,817048.0,CS/E/99-1,2.0,20.0
1323.0,IBM PC and Clones,Govindrajalu,360.00,,,TMH,,817049.0,CS/E/99-1,2.0,21.0
1325.0,DOS 5 A to Z,Masters G.,295.00,,,BPB,,817052.0,CS/E/99-1,2.0,23.0
1326.0,DOS 5 A to Z,Masters G.,295.00,,,BPB,,817051.0,CS/E/99-1,2.0,24.0
1329.0,The C Ody. Win: Brave New World,Mukhi,225.00,,,BPB,,817056.0,CS/E/99-1,2.0,25.0
1330.0,The C Ody. OS/2 & PM into Inf World,Mukhi,225.00,,,BPB,,817058.0,CS/E/99-1,2.0,26.0
1332.0,The C Ody. Network & RDBMS,Mukhi,225.00,,,BPB,,817059.0,CS/E/99-1,3.0,1.0
1333.0,The C Ody. Unchatered Waters,Mukhi,225.00,,,BPB,,817054.0,CS/E/99-1,3.0,2.0
1334.0,Learn Lotus 1-2-3 in a Day,Stultz,36.00,,,BPB,,817060.0,CS/E/99-1,3.0,3.0
1335.0,Mailing Lists using dBase,Stultz,45.00,,,BPB,,807060.0,CS/E/99-1,3.0,4.0
1336.0,Presentation with Harvard Graphics,Hoath,45.00,,,BPB,,817062.0,CS/E/99-1,3.0,5.0
1337.0,Obj. Oriented Prog. Using Turbo C++,Smith,45.00,,,BPB,,817063.0,CS/E/99-1,3.0,6.0
1338.0,Write your own Prog. Using C++,Smith,45.00,,,BPB,,817064.0,CS/E/99-1,3.0,7.0
1339.0,Illustrated Turbo C++,Wang & Bibb,120.00,,,BPB,,817065.0,CS/E/99-1,3.0,8.0
1340.0,Programmer's Guide to the EGA / VGA,Sutty Blair,210.00,,,BPB,,817066.0,CS/E/99-1,3.0,9.0
1341.0,C with Assembly Language,Holzner,120.00,,,PHI,,817067.0,CS/E/99-1,3.0,10.0
1342.0,Mastering Windows 3.0,Cowart R.,120.00,,,BPB,,817069.0,CS/E/99-1,3.0,11.0
1344.0,The MSDOS Programmer's Handbook,Gunter,100.00,,,Galgotia,,817071.0,CS/E/99-1,3.0,12.0
1345.0,Windows 3 Secrets,Livingstone,396.00,,,Galgotia,,817072.0,CS/E/99-1,3.0,13.0
1346.0,"Intro, to Art. Intelligence & Expert Sys.",Patterson,89.00,,,Galgotia,,817074.0,CS/E/99-1,3.0,14.0
1347.0,Encyclopedia of Autocad Release 11,Thomas,375.00,,,PHI,,817068.0,CS/E/99-1,3.0,15.0
1348.0,Mastering C++,Woollard,360.00,,,BPB,,817073.0,CS/E/99-1,3.0,16.0
1349.0,C Programming,Holzner,110.00,,,BPB,,817075.0,CS/E/99-1,3.0,17.0
1350.0,Data Networks,Bertsekas Gallager,75.00,,,Galgotia,,817042.0,CS/E/99-1,3.0,18.0
1351.0,Data Networks,Bertsekas Gallager,75.00,,,PHI,,817041.0,CS/E/99-1,2.0,22.0
1352.0,A Practical Guide to Ventura,Mehta,54.00,,,SKW,,823791.0,CS/E/99-1,3.0,22.0
1353.0,Guide to SQL,Viescas,36.00,,,Microsoft,,823792.0,CS/E/99-1,3.0,23.0
1354.0,MSDOS Batch Files,,36.00,,,Microsoft,,823793.0,CS/E/99-1,3.0,19.0
1355.0,Write your own Prog. Using C++,Smith,45.00,,,BPB,,823794.0,CS/E/99-1,3.0,20.0
1356.0,Understanding the Norton Utilities,Dysin,480.00,,,TP,,823795.0,CS/E/99-1,3.0,21.0
1357.0,The Waites Gr. Obj. Ori. Prog. In C++,Cafore,250.00,,,Galgotia,,823796.0,CS/E/99-1,3.0,24.0
1359.0,The Waites Gr. Obj. Ori. Prog. In C++,Cafore,250.00,,,Galgotia,,823798.0,CS/E/99-1,3.0,25.0
1361.0,Infoword PC Secrets 1992,Halliday C.M,395.00,,,Galgotia,,873293.0,CS/E/99-1,3.0,28.0
1362.0,Vijay Mukhi's BC++ 3.0 for Windows,Fernades L.,180.00,,,BPB,,824075.0,CS/E/99-1,3.0,26.0
1363.0,Learn C in 3 Days (REPLACE),Aborlous.S,,,,,,824078.0,CS/E/99-1,3.0,29.0
1364.0,Data Networks,Bertsekas Gallager,225.00,,,BPB,,824077.0,CS/E/99-1,3.0,27.0
1365.0,Vijay Mukhi's Novell Net. 386 R 3.11,G. Hatikar,180.00,,,BPB,,824076.0,CS/E/99-1,4.0,1.0
1366.0,Workout C: Learn C through Exercises,Himmel D.,320.00,,,Galgotia,,824073.0,CS/E/99-1,4.0,2.0
1367.0,MSDOS Programmer's Handbook,Born,230.00,,,Galgotia,,824072.0,CS/E/99-1,4.0,3.0
1368.0,Obj. Oriented Prog. Using Turbo C++,Norman Smith,45.00,,,BPB,,824124.0,CS/E/99-1,4.0,4.0
1369.0,Super Charging Windows ,Robbins,490.00,,,Sybex,,824123.0,CS/E/99-1,4.0,5.0
1370.0,Waite Gr. Obj. Ori. Prog. In Turbo C++,Lafore R.,,,,,LOST,824122.0,CS/E/99-1,4.0,6.0
1371.0,The PC Data Handbook,Shell S.,75.00,,,BPB,,830166.0,CS/E/99-1,4.0,7.0
1372.0,Working with Unix,Mukhi's V.,150.00,,,BPB,,830167.0,CS/E/99-1,4.0,8.0
1373.0,Mathmatical Elem. Of Comp Graphics,Rogers Adams,, $ 9.50 ,,Mc Graw,,830168.0,CS/E/99-1,4.0,9.0
1374.0,Mathmatical Elem. Of Comp Graphics,Rogers Adams,, $ 9.50 ,,Mc Graw,,830169.0,CS/E/99-1,4.0,10.0
1375.0,Mastering DOS 5,Robbins J.,180.00,,,BPB,,830610.0,CS/E/99-1,4.0,11.0
1376.0,Inside Norton Utilities 6.0,Krumm R.,125.00,,,PHI,,830611.0,CS/E/99-1,4.0,12.0
1377.0,Compiler Design in C,Holub A.I.,175.00,,,PHI,,830852.0,CS/E/99-1,4.0,13.0
1378.0,Compiler Design in C,Holub A.I.,175.00,,,PHI,,830851.0,CS/E/99-1,4.0,14.0
1379.0,Software Engineering,Shooman M.L.,323.00,,,Mc Graw,,826619.0,CS/E/99-1,4.0,15.0
1380.0,Software Engineering,Pressman,290.87,,,Mc Graw,,826620.0,CS/E/99-1,4.0,16.0
1381.0,Graphics Prog. In C,Stevens R.J,240.00,,,BPB,,833311.0,CS/E/99-1,4.0,17.0
1382.0,Turbo C++ Tech. and Application,Ladd S.R,150.00,,,BPB,,833312.0,CS/E/99-1,4.0,18.0
1383.0,Clean Coding Borland C++,Traister,99.00,,,BPB,,833313.0,CS/E/99-1,4.0,19.0
1384.0,Unix Conceptsn & Applications (REPLACE),Das S.,,,,,,1384.0,CS/E/99-2,4.0,20.0
1385.0,Unix System V.4,Das S.,195.00,,,BPB,,833315.0,CS/E/99-3,4.0,21.0
1386.0,BC++ under Win Test by Parikh,Mukhi S.V,60.00,,,BPB,,833316.0,CS/E/99-4,4.0,22.0
1387.0,Theo. Of Com. Sc. Auto. Lang. & Compu.,Mishra & Chandra,95.00,,,P.Hall,,833318.0,CS/E/99-5,4.0,23.0
1388.0,dBase III Plus IV Test,Mukhi S.V,39.00,,,BPB,,833317.0,CS/E/99-6,4.0,24.0
1389.0,Graphic User Interface Prog. with C,Landymon R.F,150.00,,,BPB,,833319.0,CS/E/99-7,4.0,25.0
1390.0,The A to Z of PC Virus Protection,Tiwan A.B,40.00,,,Khanna Pub.,,833320.0,CS/E/99-8,4.0,26.0
1392.0,Introduction to Pascal,Mathur's,250.00,,,TMH,,838499.0,CS/E/99-9,5.0,1.0
1393.0,Introduction to Pascal,Mathur's,250.00,,,TMH,,838501.0,CS/E/99-10,5.0,3.0
1394.0,OOP in Turbo C++ (REPLACE),Lofore,,,,,,1394.0,CS/E/99-11,5.0,2.0
1395.0,Comp. Architecture & Organisation,Hwang & Briggs,, $ 10.50 ,,Mc Graw,,838503.0,CS/E/99-12,5.0,4.0
1396.0,Comp. Architecture & Organisation,Hwang & Briggs,, $ 10.50 ,,Mc Graw,,838504.0,CS/E/99-13,5.0,5.0
1397.0,Fundamentals of Computers (REPLACE),Raja Raman,,,,,,1397.0,CS/E/99-14,5.0,14.0
1398.0,Mastering Page Maker 4 on IBM PC,Altman & Altman,120.00,,,BPB,,842149.0,CS/E/99-1,5.0,6.0
1399.0,Pascal Programming,Das P.P,90.00,,,Jaico,,842150.0,CS/E/99-1,5.0,7.0
1400.0,DOS 5: A Developer's Guide,Williams,180.00,,,BPB,,842151.0,CS/E/99-1,5.0,8.0
1401.0,Mastering DOS 6,Robbins,195.00,,,BPB,,842152.0,CS/E/99-1,5.0,9.0
1402.0,Operation System,Ritchie,75.00,,,BPB,,849582.0,CS/E/99-1,5.0,10.0
1403.0,Relational Database Theo. & Practice,Val Occardi,75.00,,,BPB,,849583.0,CS/E/99-1,5.0,11.0
1404.0,Convert to C and C++,Holems B.J,90.00,,,BPB,,849584.0,CS/E/99-1,5.0,12.0
1405.0,Fun withFractals(Disk),Robbins,375.00,,,Sybex,,859585.0,CS/E/99-1,5.0,13.0
1406.0,Mastering Corel Draw 3,Rimmer S.,525.00,,,Tech.,,842295.0,CS/E/99-1,5.0,15.0
1407.0,Mastreing Page Maker 5 for Windows,Altman & Altman,270.00,,,BPB,,842296.0,CS/E/99-1,5.0,16.0
1408.0,Graphics Prog. With Turbo Pascal,Tanik,50.00,,,Learuirs Press,,842297.0,CS/E/99-1,5.0,17.0
1409.0, Corel Draw 3.0,Vijay Mukhi,180.00,,,BPB,,842298.0,CS/E/99-1,5.0,18.0
1410.0,Learn Coral Draw in a Day,Paulson,45.00,,,BPB,,842299.0,CS/E/99-1,5.0,19.0
1411.0, Corel Draw 3 Instant References,Padwick,90.00,,,Sybex,,842300.0,CS/E/99-1,5.0,20.0
1412.0,Computer Viruses,Kapur,75.00,,,BPB,,850087.0,CS/E/99-1,5.0,21.0
1414.0,10 Minutes Guide to Foxbase + 2.10,Mehta,70.00,,,Galgotia,,850089.0,CS/E/99-1,5.0,22.0
1415.0,Super Computers,Raja Raman V.,50.00,,,Wiely,,850090.0,CS/E/99-1,5.0,23.0
1416.0,An Inte. Approach to Software Engg.,Jalote,130.00,,,Narosa ,,850091.0,CS/E/99-1,5.0,24.0
1417.0,Systems Programming & Op. System,Dhamdhere,120.00,,,TMS,,850092.0,CS/E/99-1,5.0,25.0
1418.0,Mastering Word 6 for Windows,Mansfield R.,350.00,,,BPB,,850093.0,CS/E/99-1,5.0,26.0
1419.0,Advanced Assembly Language,Holzner,135.00,,,PHI,,850094.0,CS/E/99-1,5.0,27.0
1420.0,2000 Solved Problems in Electronics.,Calhey,263.94,,,Mc Graw,,850095.0,CS/E/99-1,5.0,28.0
1421.0,Advanced Graphics  Prog. In C & C++,"Stevens RT, Watkings",350.00,,,BPB,,850233.0,CS/E/99-3,1.0,1.0
1423.0,P.C Plus Step by Step Visual Basic,Morris,250.00,,,PHI,,842537.0,CS/E/99-3,1.0,2.0
1424.0,Prog. O/P Device Driver using BC++,Smith,112.00,,,Jaico,,842538.0,CS/E/99-3,1.0,3.0
1425.0,C++ Components & Algo. (Disk),Ladd,45.00,,,BPB,,842532.0,CS/E/99-3,1.0,4.0
1427.0,Vijai Muckhi Mastering Oracle 6.0,Serpes,180.00,,,BPB,,851566.0,CS/E/99-3,1.0,8.0
1428.0,Programming in C++,Dewhurst Stark,150.00,,,Galgotia,,812224.0,DCSE/E/98/5,2.0,8.0
1428.0,Programming in C++,Dewhurst Stark,150.00,,,Galgotia,,851567.0,CS/E/99-3,1.0,12.0
1429.0,Fundamentals of Software Engg.,Ghezzi C.,150.00,,,PHI,,851568.0,CS/E/99-3,1.0,5.0
1430.0,Programming in C++,Dewhurst Stark,59.00,,,PHI,,851569.0,CS/E/99-3,1.0,6.0
1431.0,Neural Network & Fuzzy Systems,Kasko,175.00,,,PHI,,851570.0,CS/E/99-3,1.0,9.0
1432.0,File Format Handbook,Taylor,280.00,,,Vision Books,,853118.0,CS/E/99-3,1.0,10.0
1433.0,Vijai Muckhi Dymic Data Exchange,Natham,280.00,,,Vision Books,,853119.0,CS/E/99-3,1.0,11.0
1434.0,The Wonders of Power Builders 3.0,Mukhi,145.00,,,Vision Books,,853120.0,CS/E/99-3,1.0,13.0
1435.0,Kamsutra of Windows,Mukhi,90.00,,,Vision Books,,853121.0,CS/E/99-3,1.0,14.0
1436.0,PC Magazine C++ Comm. Utilities,Holems,275.00,,,BPB,,853122.0,CS/E/99-3,1.0,15.0
1437.0,PC Mag. Guide to Client/Ser. Database,Saleum,180.00,,,BPB,,853124.0,CS/E/99-3,1.0,16.0
1438.0,Client/Server Computing with Oracle,Saleum,180.00,,,BPB,,853123.0,CS/E/99-3,1.0,17.0
1439.0,Developing Client/Server Applications,Inmon,195.00,,,BPB,,853125.0,CS/E/99-3,1.0,18.0
1440.0,SQL Spoken Here,Sayles,120.00,,,BPB,,853126.0,CS/E/99-3,1.0,19.0
1441.0,Understanding SQL,Gruber M.,150.00,,,BPB,,853127.0,CS/E/99-3,1.0,20.0
1442.0,Win Rapid Application Development,Sarua,275.00,,,BPB,,853128.0,CS/E/99-3,1.0,21.0
1443.0,Win 3.1: A Develpoers Guide (BPB),Ritcher,270.00,,,BPB,,853129.0,CS/E/99-3,1.0,22.0
1444.0,Programming for Windows,Anand,36.00,,,BPB,,853130.0,CS/E/99-3,1.0,23.0
1445.0,The Sound Blaster Book,Munnik,270.00,,,BPB,,853131.0,CS/E/99-3,1.0,25.0
1446.0,Vijai Muckhi Mastering Oracle 6.0,Serpes M.,180.00,,,BPB,,858854.0,CS/E/99-3,1.0,26.0
1447.0,Vijai Muckhi Mastering Oracle 6.0,Serpes M.,180.00,,,BPB,,858853.0,CS/E/99-3,1.0,27.0
1448.0,Programming in Fortran 77,Ramkumar,81.00,,,TMH,,858856.0,CS/E/99-3,1.0,28.0
1449.0,Programming in Fortran 77,Ramkumar,81.00,,,TMH,,858855.0,CS/E/99-3,1.0,29.0
1450.0,Understanding Oracle,Perry Lateur,180.00,,,BPB,,858857.0,CS/E/99-3,1.0,30.0
1451.0,Microcomputer Systems,Liv Gibson,110.00,,,PHI,,858859.0,CS/E/99-3,1.0,33.0
1452.0,Microcomputers Systems,Liv Gibson,,,,,LOST,860378.0,CS/E/99-3,2.0,1.0
1454.0,C Language Programming,Kernighan Richi,,,,,LOST,860428.0,CS/E/99-3,2.0,2.0
1456.0,Digital Fundamentals,Floyd,135.00,,,UBS,,860429.0,CS/E/99-3,2.0,3.0
1457.0,Microcomputer Systems,Liv Gibson,110.00,,,PHI,,860430.0,CS/E/99-3,2.0,4.0
1458.0,Graphics Programming Solutions,Sanchez & Canton,1357.22,,,Mc Graw,,861460.0,CS/E/99-3,2.0,5.0
1459.0,C++ Database Development,Stevens,,,,,,861293.0,CS/E/99-3,2.0,6.0
1460.0,Teach Yourself Visual Basic,Socha Hall,195.00,,,BPB,,861294.0,CS/E/99-3,2.0,7.0
1461.0,The Quick & Easyway to Learn,PC Learning Labs,225.00,,,BPB,,861295.0,CS/E/99-3,2.0,8.0
1462.0,Vijay Mukhi Oracle 6.0: The Basics,Kamdar,135.00,,,BPB,,861296.0,CS/E/99-3,2.0,9.0
1463.0,Visual Basic Utilities,Bonner,240.00,,,BPB,,861297.0,CS/E/99-3,2.0,10.0
1464.0,Windows Programming with B C++,Oualline,300.00,,,BPB,,861298.0,CS/E/99-3,2.0,11.0
1465.0,Visual Basic Prog. For Dummies,Wang,135.00,,,Pustak Mahal,,867300.0,CS/E/99-3,2.0,12.0
1466.0,C for Dummies,Goodkin,150.00,,,Pustak Mahal,,861299.0,CS/E/99-3,2.0,13.0
1467.0,Obj. Oriented Prog. Using  C++ for Dumm.,Wang,135.00,,,Pustak Mahal,,861301.0,CS/E/99-3,2.0,14.0
1468.0,Borland C++4 Obj. Oriented Prog.,Hyman,150.00,,,Pustak Mahal,,861302.0,CS/E/99-3,2.0,15.0
1469.0,Visual C++ Programming,V.Holzner,295.00,,,Pustak Mahal,,861304.0,CS/E/99-3,2.0,16.0
1470.0,Type & Learn C,Swan,245.00,,,Pustak Mahal,,861303.0,CS/E/99-3,2.0,17.0
1471.0,Object Oriented Programming in C++,Barkakati,150.00,,,PHI,,861406.0,CS/E/99-3,2.0,18.0
1472.0,Borland C++4 Obj. Oriented Prog.,Faison,225.00,,,PHI,,861407.0,CS/E/99-3,2.0,19.0
1473.0,Dis. Mathematics & it's Application,Rosen,458.20,,,Mc Graw,,861455.0,CS/E/99-3,2.0,20.0
1474.0,Advanced Computer Architecture,Hwang & Briggs,90.00,,,Mc Graw,,861456.0,CS/E/99-3,2.0,21.0
1475.0,Advanced Computer Architecture,Hwang & Briggs,90.00,,,Mc Graw,,861457.0,CS/E/99-3,2.0,22.0
1476.0,Norton Utilities,Evans,125.00,,,Mc Graw,,861458.0,CS/E/99-3,2.0,23.0
1477.0,Windows NT,Wyatt,568.80,,,Mc Graw,,861459.0,CS/E/99-3,2.0,24.0
1478.0,The C Odyssey Window the brave new World (REPLACE),Gandhi.M,,,,,,873670.0,CS/E/99-3,2.0,25.0
1479.0,Windows Prog. With Borland C++,Oualline,300.00,,,BPB,,873671.0,CS/E/99-3,2.0,26.0
1480.0,dBase IV 1.5 Developer HB,Dick Lev,150.00,,,BPB,,863672.0,CS/E/99-3,3.0,24.0
1481.0,Mastering Autocad,Quura,110.00,,,PHI,,873673.0,CS/E/99-3,3.0,1.0
1482.0,Computer Programming in C,Raja Raman ,125.00,,,PHI,,873674.0,CS/E/99-3,3.0,2.0
1483.0,Data Structure & Program Des. In C,Kruse,120.00,,,PHI,,873675.0,CS/E/99-3,5.0,16.0
1485.0,2000 Solved Example in Dis. Maths,Lipschultz,251.22,,,,,873677.0,CS/E/99-3,1.0,24.0
1486.0,Clipper 5.2 Power Program,Spence,225.00,,,TMH,,873681.0,CS/E/99-3,3.0,4.0
1487.0,Comp. Arch A Des. Txt. On Genric Risk,Feldman,300.20,,,Mc Graw,,873682.0,CS/E/99-3,3.0,5.0
1489.0,The Maple Handbook,Redfren,998.40,,,Mc Graw,,873657.0,CS/E/99-3,1.0,31.0
1490.0,dBase IV & Structured Query Lang.,Chandra,150.00,,,,,873683.0,CS/E/99-3,3.0,6.0
1491.0,Foundations of Parallel Processing,Ghose,125.00,,,,,873684.0,CS/E/99-3,3.0,7.0
1492.0,Polishing Windows,Jewell,1262.42,,,,,873685.0,CS/E/99-3,3.0,8.0
1493.0,Maple V Language References Manual,Char,375.00,,,,,861462.0,CS/E/99-3,3.0,9.0
1494.0,Maple V: Library Reference Manual,Char,,,,,,861461.0,CS/E/99-3,3.0,10.0
1495.0,Understanding Oracle,"Perry JT, Shatree JG",195.00,,,BPB,,873665.0,CS/E/99-3,3.0,11.0
1496.0,Understanding Oracle,"Perry JT, Shatree JG",195.00,,,BPB,,873668.0,CS/E/99-3,3.0,12.0
1497.0,Understanding Oracle,"Perry JT, Shatree JG",195.00,,,BPB,,873639.0,CS/E/99-3,3.0,13.0
1498.0,Understanding Oracle,"Perry JT, Shatree JG",195.00,,,BPB,,873667.0,CS/E/99-3,3.0,14.0
1499.0,Understanding Oracle,"Perry JT, Shatree JG",195.00,,,BPB,,873664.0,CS/E/99-3,3.0,15.0
1500.0,Understanding Oracle,"Perry JT, Shatree JG",195.00,,,BPB,,873666.0,CS/E/99-3,3.0,16.0
1501.0,Real Time System Design,Levi ST,,,,,,861475.0,CS/E/99-3,3.0,17.0
1502.0,Data Abstruction,Bergin J,1063.47,,,,,861476.0,CS/E/99-3,3.0,18.0
1503.0,Converting C to Turbo C++,Dorfman L,,,,,,861477.0,CS/E/99-3,3.0,19.0
1505.0,Mastering Win Utilities Prog. With C++,Young,525.00,,,Sybex,,861584.0,CS/E/99-3,3.0,20.0
1506.0,Multimedia on the PC,Sinclair,99.00,,,BPB,,861565.0,CS/E/99-3,3.0,21.0
1507.0,Windows 3.1 Instant Reference,Mosley,54.00,,,BPB,,861586.0,CS/E/99-3,3.0,22.0
1508.0,Using Windows 3.1,Person,,,,,,861558.0,CS/E/99-3,3.0,23.0
1509.0,Using Windows 3.1,Person,,,,,,861859.0,CS/E/99-3,4.0,9.0
1510.0,Networking for Dummies,Lowe,,,,Pustak Mahal,,861851.0,CS/E/99-3,4.0,14.0
1511.0,Internet for Dummies,Levine,150.00,,,Pustak Mahal,,861853.0,CS/E/99-3,4.0,13.0
1512.0,Modems for Dummies,Rathbone,150.00,,,Pustak Mahal,,861853.0,CS/E/99-3,4.0,12.0
1513.0,Windows for Dummies,Rathbone,135.00,,,Pustak Mahal,,861854.0,CS/E/99-3,4.0,11.0
1514.0,DOS for Dummies,Gookin,110.00,,,Pustak Mahal,,861855.0,CS/E/99-3,4.0,10.0
1515.0,Making Windows Application Work,Krumm,240.00,,,BPB,,861856.0,CS/E/99-3,4.0,15.0
1516.0,DOS 6 Series,Ainsbury,,,,,,861857.0,CS/E/99-3,4.0,16.0
1517.0,Object Oriented Programming with C++,Parson D.,99.00,,,BPB,,861858.0,CS/E/99-3,4.0,17.0
1518.0,Windows 3.0/3.1 Test 1,Fernandes L.,54.00,,,BPB,,861862.0,CS/E/99-3,4.0,18.0
1519.0,DOS 6 & 6.2 Instant Reference,Thomas R.M,54.00,,,BPB,,861874.0,CS/E/99-3,4.0,19.0
1520.0,Clipper 5.01/87 Test,Joshi D.,45.00,,,BPB,,861863.0,CS/E/99-3,4.0,34.0
1521.0,Computer Graphics,Corrigan Y.,75.00,,,BPB,,851868.0,CS/E/99-3,4.0,20.0
1522.0,Visual C++ A Developers Guide,Leavens A.,225.00,,,BPB,,861865.0,CS/E/99-3,4.0,24.0
1523.0,Netware Programming Guide,McCorn J.J,150.00,,,BPB,,861866.0,CS/E/99-3,4.0,25.0
1524.0,IBM PC Troubleshooting & Repair,Brennes R.C,95.00,,,,,861867.0,CS/E/99-3,4.0,26.0
1525.0,Basic ueuing Theory,Bunday,90.00,,,,,861866.0,CS/E/99-3,4.0,23.0
1526.0,Programming with Pascal,Venugopal K.R.,120.00,,,TMH,,851869.0,CS/E/99-3,4.0,22.0
1527.0,Computer Fundamentals,Jain S.,75.00,,,,,851870.0,CS/E/99-3,4.0,27.0
1528.0,System Design & Business Appli.,Jain V.K,90.00,,,,,851872.0,CS/E/99-3,4.0,28.0
1529.0,Software Packages,Jain V.K,150.00,,,,,861871.0,CS/E/99-3,4.0,29.0
1530.0,Question & Answer on Computer,Kumar D.,99.00,,,BPB,,861873.0,CS/E/99-3,4.0,30.0
1531.0,Comp. Viruses Prev. Detect & Removal,Kapur R.,75.00,,,BPB,,862158.0,CS/E/99-3,4.0,31.0
1532.0,Illustrated dBase IV 1991,Stultz R.A.,90.00,,,BPB,,862159.0,CS/E/99-3,4.0,32.0
1535.0,Data Compression Book,Nelson M.,150.00,,,PHI,,875890.0,CS/E/99-3,4.0,33.0
1536.0,Image Processing,Ahmed Sid M.A,120.00,,,BPB,,875891.0,CS/E/99-3,3.0,27.0
1537.0,Window Programming Primer First,Conger Jim,788.42,,,Mc Graw,,855844.0,CS/E/99-3,3.0,26.0
1538.0,C/C++ Tips,Jamsa K.,250.00,,,Galgotia,,855845.0,CS/E/99-3,3.0,25.0
1539.0,C Projects ,Kantekar Y.,295.00,,,Galgotia,,855846.0,CS/E/99-3,3.0,28.0
1540.0,Borlaud C++ 4.0 upgrade book,Elavia G.N.et al,,,,,LOST,855847.0,CS/E/99-3,5.0,16.0
1541.0,Window 3.1 Instaint Reference,Moseley M.L.,54.00,,,Sybex,,855848.0,CS/E/99-3,5.0,15.0
1542.0,Fundamentals of Digital Image Proc.,Jain A.K.,150.00,,,PHI,,855849.0,CS/E/99-3,5.0,14.0
1543.0,Using Windows 3.1,Person G. Rose,295.00,,,PHI,,855850.0,CS/E/99-3,5.0,17.0
1544.0,Oracle 6/7,Unadkat C.L.,180.00,,,BPB,,855851.0,CS/E/99-3,5.0,9.0
1545.0,MS DOS System Programming,Burki Ward,225.00,,,BPB,,858552.0,CS/E/99-3,5.0,4.0
1546.0,BC++ 4.0 underbWindows 3.1 Vol.I,Sheth Y.,125.00,,,Jaico,,855853.0,CS/E/99-3,5.0,3.0
1547.0,BC++ 4.0 underbWindows 3.1 Vol.II,Sheth Y.,125.00,,,Jaico,,855854.0,CS/E/99-3,5.0,2.0
1548.0,BC++ 4.0 underbWindows 3.1 Vol.III,Sheth Y.,125.00,,,Jaico,,855855.0,CS/E/99-3,5.0,1.0
1549.0,Windows API Bible,Conger J.L.,396.00,,,Waite,,855856.0,CS/E/99-3,4.0,8.0
1550.0,Power Builder Concepts & Application,Bayross I.N.,150.00,,,BPB,,855857.0,CS/E/99-3,5.0,8.0
1551.0,Understanding Pointers in C (REPLACE),Kanetkar,,,,,,855858.0,CS/E/99-3,5.0,7.0
1551.0,Understanding Pointers in C (REPLACE),Kanetkar,,,,,,855858.0,DCSE/E/98/5,2.0,21.0
1552.0,Mast. Oracle 7 & Client Sever Prog.,Bobrowski S.M.,300.00,,,BPB,,855859.0,CS/E/99-3,5.0,6.0
1553.0,Window 3.1 Connectivity Secrets,Connally R.,496.00,,,G/P,,855860.0,CS/E/99-3,5.0,11.0
1554.0,Microsoft Windows 3.1,Brown M.,75.00,,,G/P,,855861.0,CS/E/99-3,5.0,10.0
1555.0,C Prog. Guide to Serial Comm.,Campbell,295.00,,,PHI,,855862.0,CS/E/99-3,5.0,13.0
1556.0,Teaches C,Stevens A.L.,195.00,,,BPB,,855863.0,CS/E/99-3,5.0,12.0
1557.0,Visual Basic Multimedia,Jard S.,230.00,,,Galgotia,,855864.0,CS/E/99-3,4.0,1.0
1558.0,Zen of Code Optimization,Abrash,230.00,,,Galgotia,,855865.0,CS/E/99-3,4.0,2.0
1560.0,Graphics Programming & Animation,Jungck P.,150.00,,,BPB,,855867.0,CS/E/99-3,4.0,3.0
1561.0,Windows Custom Control,Smith Ward,225.00,,,BPB,,855868.0,CS/E/99-3,4.0,4.0
1562.0,Designing GUI App. For Windows,Levine,225.00,,,BPB,,855869.0,CS/E/99-3,4.0,5.0
1564.0,Custom Controls,Cliwa Dunteman,230.00,,,Galgotia,,855871.0,CS/E/99-3,4.0,6.0
1565.0,Neuro-Intelligent System,Hungenahally Jain,99.00,,,BPB,,878149.0,CS/E/99-3,4.0,7.0
1566.0,Art. Intellegent with Common Lisp.,Noyes J.L.,150.00,,,Galgotia,,878150.0,CS/E/99-3,4.0,21.0
1567.0,Object Oriental Prog. With C++,Balaguruswamy,96.00,,,TMH,,878151.0,CS/E/99-3,1.0,32.0
1568.0,Programming in Visual Basic,McBridge P.K.,75.00,,,BPB,,878152.0,DCSE/74/2,1.0,18.0
1569.0,Unix Communications & the Internet,Anderson,250.00,,,Prentice Hall,,878153.0,DCSE/74/2,1.0,4.0
1570.0,Borland C++4 OOP,Faison,225.00,,,Prentice Hall,,878154.0,DCSE/74/2,1.0,3.0
1571.0,Fox Pro 2.6,Griver,780.00,,,BPB,,878155.0,DCSE/74/2,1.0,27.0
1572.0,The Intel Microprocessors,Barry B.B.,195.00,,,PHI,,878156.0,DCSE/74/2,1.0,2.0
1573.0,Programming Windows,Kumar D.,275.00,,,BPB,,878160.0,DCSE/74/2,1.0,1.0
1574.0,A Introduction to OOP,Witt. K.U.,60.00,,,Galgotia,,878157.0,DCSE/74/2,1.0,23.0
1575.0,PC Learning Labs Teaches Netware,PC Labs,135.00,,,BPB,,878159.0,DCSE/74/2,1.0,19.0
1576.0,Lisp Programming,Sangal Rajeev,120.00,,,TMH,,878158.0,DCSE/74/2,1.0,17.0
1577.0,Borland C++ Developer's Bible,Peterson M.,250.00,,,Galgotia,,878161.0,DCSE/74/2,1.0,13.0
1578.0,Borland C++ Techniques & Utilities,Christian K.,240.00,,,BPB,,878162.0,DCSE/74/2,1.0,15.0
1579.0,Software Engineering,Pressman,268.00,,,Mc Graw,,878163.0,DCSE/74/2,1.0,5.0
1580.0,Advcd. Prog. In Unix Environment,Stevens W.R,600.00,,,Wesley A.,,878164.0,DCSE/74/2,1.0,14.0
1581.0,Internet working with TCP/IP Vol. I,Comer & Stevens,150.00,,,PHI,,878165.0,DCSE/74/2,1.0,6.0
1582.0,Internet working with TCP/IP Vol. II,Comer & Stevens,150.00,,,PHI,,878166.0,DCSE/74/2,1.0,7.0
1583.0,Internet working with TCP/IP Vol. III,Comer & Stevens,150.00,,,PHI,,878167.0,DCSE/74/2,1.0,12.0
1584.0,The Complete Foxpro 2.5 Lang. Ref.,Mc Clanahan,90.00,,,BPB,,878168.0,DCSE/74/2,1.0,24.0
1585.0,Dev. & Dis. Microsoft Foxpro 2.5/2.6,Havewala,99.00,,,BPB,,878169.0,DCSE/74/2,1.0,25.0
1586.0,The Design of Relational Database,Mannila Raiha,409.22,,,Wesley A.,,878170.0,DCSE/74/2,1.0,26.0
1587.0,Borland C++4 OOP,Faison Ted.,225.00,,,Prentice Hall,,878171.0,DCSE/74/2,1.0,20.0
1588.0,An Introduction to OOP,Budd. T.,458.20,,,Prentice Hall,,878172.0,DCSE/74/2,1.0,8.0
1589.0,Hard Disk Secrets,Goodman J.M.,295.00,,,Wesley A.,,878177.0,DCSE/74/2,1.0,9.0
1590.0,C++ Real Time 3D Graphics,Tyler A.,100.00,,,Galgotia,,878178.0,DCSE/74/2,1.0,11.0
1591.0,Win. 3/3.1 Trouble Shooting Guide,Harris NUGUS,95.00,,,Galgotia,,878179.0,DCSE/74/2,1.0,10.0
1592.0,Introduction to Windows Prog.,Braden,99.00,,,Jaico,,855872.0,DCSE/74/2,1.0,22.0
1593.0,C Complete Manual,Herold. Unger,150.00,,,BPB,,855873.0,DCSE/74/2,2.0,10.0
1594.0,Power Builder 4,Mc Clanahan,350.00,,,Galgotia,,855874.0,DCSE/74/2,2.0,2.0
1595.0,Your Fox Pro for Windows Consultant,Mathews,230.00,,,BPB,,855875.0,DCSE/74/2,2.0,8.0
1596.0,Fox Pro 2.5 for Windows Prog. Guide,Antonovich M.,230.00,,,Galgotia,,855876.0,DCSE/74/2,2.0,9.0
1597.0,Mastering 6 for Windows,Mansfield ,350.00,,,Galgotia,,878173.0,DCSE/74/2,2.0,1.0
1598.0,Teach us DOS 6 & 6.2,BPB PC Labs,150.00,,,BPB,,878174.0,DCSE/74/2,2.0,7.0
1599.0,Teach us Excel 5.0 for Windows,BPB PC Labs,150.00,,,BPB,,878175.0,DCSE/74/2,2.0,4.0
1600.0,Unix Networks Programming,Richard Stevens,175.00,,,PHI,,878176.0,DCSE/74/2,2.0,3.0
1601.0,Wordstar 7.0,Subha Mehta,126.00,,,Galgotia,,880066.0,DCSE/74/2,2.0,5.0
1602.0,Illustrated C,Zohman L.,99.00,,,BPB,,880962.0,DCSE/74/2,2.0,6.0
1603.0,ZEN of Graphics Programming,Abrash M.,325.00,,,Comdex,,880985.0,DCSE/74/2,2.0,23.0
1604.0,OS/2 for Dummies,Rathbone,175.00,,,Comdex,,880986.0,DCSE/74/2,2.0,16.0
1605.0,Windows 95 Handbook,Good Kin D.,195.00,,,Comdex,,880987.0,DCSE/74/2,2.0,20.0
1606.0,C for Dummies,Good Kin D.,150.00,,,Pustak Mahal,,880988.0,DCSE/74/2,2.0,15.0
1607.0,Windows 95 Uncut,Simpson A.,450.00,,,Comdex,,880989.0,DCSE/74/2,2.0,24.0
1608.0,Fox Pro 2.6 for Windows,Kaufeld J.,135.00,,,Comdex,,880993.0,DCSE/74/2,2.0,19.0
1609.0,Advanced Unix for Dummies,Levine Young,150.00,,,Comdex,,880991.0,DCSE/74/2,2.0,21.0
1610.0,Windows 95 Prog. for Dummies,Comdex,150.00,,,Comdex,,880992.0,DCSE/74/2,2.0,22.0
1611.0,Windows 95 for Dummies,Comdex,150.00,,,Pustak Mahal,,880993.0,DCSE/74/2,2.0,17.0
1612.0,Windows for Dummies,Rathborne,110.00,,,Comdex,,880994.0,DCSE/74/2,2.0,18.0
1613.0,Word for Windows 6 for Dummies,Goodkin,135.00,,,Pustak Mahal,,88095.0,DCSE/74/2,2.0,13.0
1614.0,dBase 5 for Win Prog. For Dummies,Coombs & Coombs,135.00,,,Pustak Mahal,,880996.0,DCSE/74/2,2.0,12.0
1615.0,Unix for Dummies ,Levine Young,110.00,,,Pustak Mahal,,880997.0,DCSE/74/2,2.0,14.0
1616.0,Unix for Dummies (Quick Reference),Young & Levine,32.00,,,Pustak Mahal,,880998.0,DCSE/74/2,2.0,26.0
1617.0,Corel Draw 5 for Dummies,Werner R.,32.00,,,Comdex,,881000.0,DCSE/74/2,2.0,25.0
1618.0,Windows for Dummies,Harvey,32.00,,,Comdex,,881001.0,DCSE/74/2,3.0,26.0
1619.0,Wordstar 7.0,Mehta,150.00,,,West,,880999.0,DCSE/74/2,2.0,28.0
1620.0,Learning C++,Nagler,180.00,,,BPB,,881002.0,DCSE/74/2,3.0,13.0
1621.0,Power Builder 4.0 Developer's Guide,Casciato C.,294.00,,,BPB,,880954.0,DCSE/74/2,3.0,12.0
1622.0,Undocumented DOS through C,Kantekar ,195.00,,,BPB,,880955.0,DCSE/74/2,3.0,25.0
1623.0,Windows 95,Mathews & Mathews,54.00,,,BPB,,880956.0,DCSE/74/2,3.0,24.0
1624.0,Power Builder (Commercial App. in),Bayross I.,195.00,,,BPB,,880957.0,DCSE/74/2,3.0,23.0
1625.0,Power Builder Concepts & Application,Bayross I.,180.00,,,BPB,,880958.0,DCSE/74/2,3.0,21.0
1626.0,Teach yourself C++,Stevens A.L.,150.00,,,BPB,,880959.0,DCSE/74/2,3.0,20.0
1627.0,C & Unix Programming,Kutti Narayan Swamy,135.00,,,TMH,,880960.0,DCSE/74/2,3.0,11.0
1628.0,Programming in C,Ravichandran,115.00,,,Wiely,,880961.0,DCSE/74/2,3.0,16.0
1629.0,Perernorton's Guide to Unix,Norton P.,150.00,,,BPB,,881871.0,DCSE/74/2,1.0,16.0
1630.0,Teach Yourself dBase for Windows,Siegal C.,99.00,,,BPB,,881672.0,DCSE/74/2,3.0,15.0
1631.0,Understanding Power Building 4.0,Mathur R.,250.00,,,G/P,,881673.0,DCSE/74/2,3.0,4.0
1632.0,Understanding Power Building 4.0,Mathur R.,250.00,,,G/P,,881674.0,DCSE/74/2,3.0,7.0
1633.0,Understanding Power Building 4.0,Mathur R.,250.00,,,G/P,,881675.0,DCSE/74/2,3.0,6.0
1634.0,App. Dev. With Power Builder 4.0,Sedani R.K.,250.00,,,G/P,,889676.0,DCSE/74/2,3.0,8.0
1635.0,PC Architecture & Assembly Lang.,Kauliv B.,100.00,,,G/P,,883796.0,DCSE/74/2,1.0,21.0
1636.0,Object Oriented Software Engg.,Mehta S.,230.00,,,G/P,,883797.0,DCSE/74/2,3.0,9.0
1637.0,Unix Shell Programming,Arthur Burns.,180.00,,,G/P,,883798.0,DCSE/74/2,3.0,5.0
1638.0,Practical Data Structure,Flamming P.,180.00,,,G/P,,883799.0,DCSE/74/2,3.0,10.0
1639.0,Local Area Network,Basendra S.K.,185.00,,,G/P,,883800.0,DCSE/74/2,3.0,2.0
1640.0,Unix Power Tools,Jerry Peek,395.00,,,BPB,,883801.0,DCSE/74/2,3.0,1.0
1641.0,C/C++ Programming Guide,Chris N. Pappas,240.00,,,BPB,,883802.0,DCSE/74/2,3.0,17.0
1642.0,Understanding dBase 5 for Windows,Simpson Rinehart,640.00,,,Tech,,883803.0,DCSE/74/2,3.0,19.0
1643.0,C++ Neural Network & Fuzzy Logic,Rao V.B. & Rao H.V.,225.00,,,BPB,,883804.0,DCSE/74/2,3.0,28.0
1644.0,PC Upgrade & Maintenance Guide,Minasi Mark,395.00,,,BPB,,883805.0,DCSE/74/2,3.0,18.0
1645.0,Relational Database ,Page A.J.,75.00,,,Galgotia,,884092.0,DCSE/74/2,3.0,29.0
1647.0,Child Windows,Braden,99.00,,,BPB,,884093.0,DCSE/74/2,3.0,30.0
1648.0,Advanced Fractal Programming,Stevens,225.00,,,BPB,,884094.0,DCSE/74/2,3.0,22.0
1649.0,Success will C++,Jamsa,240.00,,,Galgotia,,884095.0,DCSE/74/2,3.0,27.0
1650.0,DOS 6.2,Socha,205.00,,,Galgotia,,884096.0,DCSE/74/2,3.0,28.0
1651.0,PC Game Programming Explorer,Roberts D.,295.00,,,Pustak Mahal,,884372.0,DCSE/74/2,4.0,4.0
1652.0,Computer Viruses: A Date with,Chandra N.,145.00,,,Pustak Mahal,,884377.0,DCSE/74/2,4.0,3.0
1653.0,Windows Prog. Using Winscape,Swan Tom,295.00,,,Pustak Mahal,,884374.0,DCSE/74/2,4.0,5.0
1654.0,OLE 2.0 Programming,Holzener,325.00,,,Pustak Mahal,,884375.0,DCSE/74/2,4.0,7.0
1655.0,Visual C++ Multimedia,Aitken,450.00,,,Comdex,,884376.0,DCSE/74/2,4.0,6.0
1656.0,Dev. Power Builder 4 Applications,Hatfield B.,295.00,,,PHI,,857861.0,DCSE/74/2,4.0,16.0
1657.0,Inside the PC,Norton P.,,,,PHI,,857862.0,DCSE/74/2,4.0,1.0
1658.0,Programming Languages,Pratt & Zelkourity,195.00,,,PHI,,858135.0,DCSE/74/2,4.0,2.0
1659.0,Designing object oriented software,Brock W R,,,,PHI,,858136.0,DCSE/74/2,4.0,15.0
1661.0,JAVA Now,Jamsa K.,200.00,,,Galgotia,,858138.0,DCSE/74/2,4.0,11.0
1663.0,Borland C++ Developer's Guide,Peterson ,,,,BPB,LOST,874707.0,DCSE/74/2,4.0,18.0
1665.0,Oracle Book ,Libschutz,180.00,,,BPB,,858134.0,DCSE/74/2,4.0,14.0
1666.0,Developing Client/Server Applications,Hisply,1790.00,,,SAMS,,858129.0,DCSE/74/2,4.0,10.0
1669.0,Windows 95 Resource Kit,Microsoft,1340.00,,,Microsoft,,858132.0,DCSE/74/2,4.0,13.0
1671.0,1001 Windows 95 Tips,Perry Grey,250.00,,,Galgotia,,893353.0,DCSE/74/2,4.0,19.0
1672.0,Expert Systems,Jean-Louis Erwine,75.00,,,P.Hall,,893394.0,DCSE/74/2,4.0,20.0
1673.0,Optimizing Windows,Wyatt,195.00,,,Comdex,,893393.0,DCSE/74/2,4.0,17.0
1676.0,Window 95 Secrets,Livingstone,,,,Comdex,,885190.0,DCSE/74/2,4.0,8.0
1677.0,Zen of Window 95,Grinzo L.,,,,Comdex,LOST,858130.0,DCSE/74/2,4.0,12.0
1678.0,Windows 95 System Secrets,Pietrek M.,395.00,,,Comdex,,885792.0,DCSE/74/2,4.0,9.0
1681.0,Found. Of www Prog. With HTML CGI,Tittel,450.00,,,Comdex,,885535.0,DCSE/74/2,5.0,9.0
1682.0,HTML for Dummies,Tittel,225.00,,,Comdex,,885533.0,DCSE/74/2,5.0,6.0
1683.0,A Comprehensive Guide to C++,Allecha,99.00,,,BPB,,885534.0,DCSE/74/2,5.0,8.0
1684.0,Oracle 7: The App. Dev. Handbook,leon,175.00,,,Comdex,LOST,885536.0,DCSE/74/2,5.0,11.0
1685.0,Oracle 7: Desk Reference,leon,150.00,,,Comdex,LOST,885537.0,DCSE/74/2,5.0,7.0
1688.0,Free Stuff for Windows 95,Vicente P.,299.00,,,Comdex,,885528.0,DCSE/74/2,5.0,12.0
1689.0,MS Office for Win 95 Bible,Jones Sutton,450.00,,,Comdex,,885529.0,DCSE/74/2,5.0,10.0
1690.0,World for Win 95 Bible,Heslop Angell,450.00,,,Comdex,,885530.0,DCSE/74/2,5.0,1.0
1691.0,Illustrated Comp. Dic. For Dummies,Gookin,,,,Pustak Mahal,,885531.0,DCSE/74/2,2.0,11.0
1692.0,Dictionary of Multimedia,Collin S.M.H.,85.00,,,UBSPD,,893861.0,DCSE/74/2,5.0,20.0
1693.0,Exploring C (REPLACE),Kanetkar ,,,,BPB,,893866.0,DCSE/74/2,5.0,19.0
1694.0,Let us C,Kantekar Y.,120.00,,,BPB,,893867.0,DCSE/74/2,5.0,16.0
1695.0,"Num. Methods for Math.,Sc. & Engg.",Mathews J.H.,150.00,,,PHI,,893862.0,DCSE/74/2,5.0,5.0
1696.0,JAVA Script,Kooros P.,135.00,,,Galgotia,,893863.0,DCSE/74/2,5.0,4.0
1698.0,A Comprehensive Guide to C++,Aklecha V.,99.00,,,BPB,,893865.0,DCSE/74/2,5.0,3.0
1699.0,Artificial Intelligence ,Rich & Knight,199.00,,,Mc Graw,,890838.0,DCSE/74/2,5.0,15.0
1700.0,Software Engineering Concepts,Fairly R.,252.00,,,Mc Graw,,890837.0,DCSE/74/2,5.0,14.0
1701.0,Data Communications,Gupta P.C.,225.00,,,PHI,,894084.0,DCSE/74/2,5.0,12.0
1702.0,Computer Architecture,Flynn,240.00,,,NPH,,894085.0,DCSE/74/2,5.0,18.0
1703.0,C++ Primer Plus,Patra,250.00,,,G/P,,894086.0,DCSE/74/2,4.0,21.0
1704.0,Artificial Intelligence (REPLACE),Rich.E,,,,TMH,,894086.0,DCSE/74/2,4.0,23.0
1705.0,Computer Graphics,Hearn & Baker,395.00,,,PHI,,891157.0,DCSE/74/2,5.0,2.0
1706.0,Software Engineering Concepts,Fairly ,252.00,,,Mc Graw,,891195.0,DCSE/74/2,4.0,22.0
1708.0,Computer Objectives,Bansal,,,,Gk,,891205.0,DCSE/74/2,4.0,24.0
1721.0,Programming Languages(REPLACE),Pratt & Zelkourity,195.00,,,PHI,ISSUED (PKS),891163.0,DCSE/E/98/5,1.0,4.0
1722.0,Programming Languages (replace),Pratt & Zelkourity,195.00,,,PHI,,891162.0,DCSE/E/98/5,1.0,6.0
1763.0,Simulation Modeling Analysis,Law A.M. & Ketton,503.00,,,Mc Graw,,877434.0,DCSE/6/1,3.0,9.0
1775.0,dBase III Plus Made Simple,Taxali,120.00,,,Mc Graw,,812807.0,CS/E/99-1,1.0,3.0
1776.0,dBase III Plus Made Simple,Taxali,120.00,,,Mc Graw,,812806.0,CS/E/99-1,1.0,5.0
1777.0,dBase III Plus Made Simple,Taxali,120.00,,,Mc Graw,,812805.0,CS/E/99-1,1.0,6.0
1805.0,Java Programming Language,Arnold K.,648.00,,,AWP,,1105816.0,DCSE/19/5,1.0,7.0
1839.0,Programming with C++ (REPLACE),Hubbard.J,,,,MC GRAW,,897893.0,DCSE/E/98/5,1.0,5.0
1857.0,Optimising the Windows Registry,Ivens Kathy,395.00,,,Comdex,,897983.0,DCSE/19/3,1.0,1.0
1858.0,Graphics Programming ,Abrash's,495.00,,,Comdex,,897984.0,DCSE/19/3,1.0,2.0
1859.0,Computer Graphics,Siggraph,,,,ACM Press,,1859.0,DCSE/19/3,1.0,3.0
1861.0,Introduction to A.I.,Charniak,,,,Wisley A,,1861.0,DCSE/19/3,1.0,4.0
1862.0,An Operating System Vade Mecum,Raphael A.F.,,,,P.Hall,,1862.0,DCSE/19/3,1.0,5.0
1863.0,Programming in Pascal,Frates Vaczovsky,,,,P.Hall,,1863.0,DCSE/19/3,1.0,6.0
1864.0,Microprocessor Arch.-Prog. & Appli.,Gaonkar,,,,Wiley Eastern Ltd..,,1864.0,DCSE/19/3,1.0,7.0
1865.0,Microprocessor Arch.-Prog. & Appli.,Gaonkar,,,,Wiley Eastern Ltd..,,1865.0,DCSE/19/3,1.0,8.0
1866.0,Data Structured Program Design,Hausen K.,,,,P.Hall,,1866.0,DCSE/19/3,1.0,9.0
1867.0,Database Analysis & Design,Howryszkiewycz,,,,SRA,,1867.0,DCSE/19/3,1.0,10.0
1868.0,Inside Small talk,Lalonde W.R.,,,,P.Hall,,1868.0,DCSE/19/3,1.0,11.0
1869.0,Fundamentals of Computer Engineering,Heman Lam,,,,Wiley,,1869.0,DCSE/19/3,1.0,12.0
1870.0,Digital Logic Design,Gideon Langholz,,,,Wm. C. Brown,,1870.0,DCSE/19/3,1.0,13.0
1871.0,Digital logic computer design,M Mano,,,,P.Hall,,1871.0,DCSE/19/3,1.0,14.0
1872.0,System Prog. For Small Computers,Daniel H.M.,,,,P.Hall,,1872.0,DCSE/19/3,1.0,15.0
1873.0,Principles of Relational  Database,Mittra S.S.,,,,P.Hall,,1873.0,DCSE/19/3,1.0,16.0
1874.0,An Introduction to Computer Logic,H. Troynagle Jr.,,,,P.Hall,,1874.0,DCSE/19/3,1.0,17.0
1875.0,Fortran 77 for Engineers & Scientists,NY Hoff Leestma,,,,Mc Millan,,1875.0,DCSE/19/3,1.0,18.0
1876.0,Principles of Distributed  Database Sys.,M. Tamer Ozsu,,,,P.Hall,,1876.0,DCSE/19/3,1.0,19.0
1877.0,Computers Managers & Society,Rose Michael,,,,Peguin,LOST,1877.0,DCSE/19/3,1.0,20.0
1878.0,Operating System,Raymond W. Turner,,,,Mc Millan,,1878.0,DCSE/19/3,1.0,21.0
1879.0,The C++ Workbook,Richard S. Wieuer,,,,Wesley A.,,1879.0,DCSE/19/3,1.0,22.0
1880.0,Prob. Sol. & Structured Prog. In Pascal,Wilson Nelson,,,,Wesley A.,,1880.0,DCSE/19/3,1.0,23.0
1881.0,Dev. Cli./Ser. Appli. Oracle Rev.2000,Hipsley P.,423.00,,,Tata Mc Graw,,909747.0,DCSE/19/3,1.0,24.0
1882.0,Oracle Developer 2000/H.B,Muller R.J.,350.00,,,TMH,,909748.0,DCSE/19/3,1.0,25.0
1883.0,Com. Appli. Dev. Using Oracle 2000,Bayross I.,240.00,,,BPB,,909749.0,DCSE/19/3,1.0,26.0
1884.0,Data Structures & Algorithms,Aho A.V.,218.00,,,A/W,,909750.0,DCSE/19/3,1.0,27.0
1885.0,Advanced C++,Coplien J.O.,984.12,,,A/W,,909751.0,DCSE/19/3,1.0,28.0
1886.0,Software Engineering A Practitioner Approach (REPLACE),Pressman,,,,MC GRAW,,909752.0,DCSE/19/3,2.0,1.0
1887.0,C++ Primer,Lippmam S.B.,349.60,,,A/W,,909753.0,DCSE/19/3,2.0,2.0
1888.0,Intro. To Parallel & Distri. Comp.,Crichlow J.M.,95.00,,,PHI,,909754.0,DCSE/19/3,2.0,3.0
1889.0,Richard Feynman,Gribbin J.,210.00,,,Univ Press,ISSUED (SKB),909755.0,DCSE/19/3,2.0,4.0
1890.0,High Performance Computing,Kuck D.J.,480.00,,,Oxford University,ISSUED (SKB),909756.0,DCSE/19/3,2.0,5.0
1891.0,Chaotic Dynamics,Baker G.J.,1080.00,,,Cambridge,ISSUED (SKB),909757.0,DCSE/19/3,2.0,6.0
1892.0,Data Structures Via C++,Berman A.M.,695.00,,,Oxford University,,909758.0,DCSE/19/3,2.0,7.0
1893.0,OOP for Windows,Tello E.R.,1308.81,,,Wieley,,909759.0,DCSE/19/3,2.0,8.0
1894.0,IT for Growth & Prosperity,Bandyopadhyay S.,325.00,,,TMH,,909760.0,DCSE/19/3,2.0,9.0
1895.0,Data & Computer Communications,Stallings W.,250.00,,,PHI,,909761.0,DCSE/19/3,2.0,10.0
1896.0,Essentials of Programming ,Friedman D.P.,275.00,,,TMH,,909762.0,DCSE/19/3,2.0,11.0
1897.0,Operating System,Cowley C.,275.00,,,TMH,,909763.0,DCSE/19/3,2.0,12.0
1898.0,Fuzzy Neural Control,Nie J.,125.00,,,PHI,,909764.0,DCSE/19/3,2.0,13.0
1899.0,Science of Programming,Gries,110.00,,,Narosa,,909765.0,DCSE/19/3,2.0,14.0
1900.0,Funda. Of Artificial Neural Network,Hassoun M.H,295.00,,,PHI,,909766.0,DCSE/19/3,2.0,15.0
1901.0,Intro. To Automata The Lang. & Comp.,Hopcraft,145.00,,,Narosa,,1901.0,DCSE/19/3,2.0,16.0
1902.0,Integrated Approach to Software Engg.,Jalote,250.00,,,Narosa,,909768.0,DCSE/19/3,2.0,17.0
1903.0,Fundamentals of Algorithms,Brassard G.,225.00,,,PHI,,909769.0,DCSE/19/3,2.0,18.0
1904.0,Computer Programming in Fortran 90,Raja Raman V.,150.00,,,PHI,,909770.0,DCSE/19/3,2.0,19.0
1905.0,Digital Integrated Electronics,Taub H.,294.97,,,TMH,,909771.0,DCSE/19/3,2.0,20.0
1906.0,Theory of Computer Science,Mishra K.L.P,125.00,,,PHI,,909772.0,DCSE/19/3,2.0,21.0
1907.0,C++ Programming Language,Stroustrup,524.00,,,Wiley,,909773.0,DCSE/19/3,2.0,22.0
1908.0,Advanced Computer Architecture,Kain R.Y.,295.00,,,PHI,,909774.0,DCSE/19/3,2.0,23.0
1909.0,Programming Languages,Applesby D.,195.00,,,TMH,,909775.0,DCSE/19/3,2.0,24.0
1910.0,Computer Arch. & Organisation,Hayes J.P.,316.80,,,MGH,,909659.0,DCSE/19/3,2.0,25.0
1911.0,Online Computer & Competitive Ana.,Boradin,2551.50,,,Cambridge,ISSUED (SKB),909660.0,DCSE/19/3,2.0,26.0
1912.0,Computer Networks,Taneubaum A.S.,195.00,,,PHI,,909668.0,DCSE/19/3,2.0,27.0
1913.0,Operating System,Deital H.M.,251.25,,,AWL,,909669.0,DCSE/19/3,2.0,28.0
1914.0,Operating System Concept (REPLACE),Silberschatz,, $ 7.50 ,,AWL,,909670.0,DCSE/19/3,2.0,29.0
1915.0,Operating System Concepts,Silberschatz,, $ 7.50 ,,AWL,,909671.0,DCSE/19/3,2.0,30.0
1916.0,Operating System Concepts,Silberschatz,, $ 7.50 ,,AWL,,909672.0,DCSE/19/3,3.0,1.0
1917.0,Operating System Concepts,Silberschatz,, $ 6.50 ,,AWL,,909673.0,DCSE/19/3,3.0,2.0
1918.0,Operating System Internals & Design (REPLACE),Stallings.W,,,,PHI,,909674.0,DCSE/19/3,3.0,3.0
1919.0,Fundamentals of Database Systems,Elmasri,, $ 6.50 ,,AWL,,909675.0,DCSE/19/3,3.0,4.0
1920.0,Fundamentals of Database Systems,Elmasri,395.00,,,PHI,,909676.0,DCSE/19/3,3.0,5.0
1921.0,Operating System Des. & Imp.,Taneubaum ,, $ 7.75 ,,Mc Graw,,909677.0,DCSE/19/3,3.0,6.0
1922.0,Comp. Arch. And Parallel Processing,Kai Hwang,, $ 7.75 ,,Mc Graw,,909678.0,DCSE/19/3,3.0,7.0
1923.0,Comp. Arch. And Parallel Processing,Kai Hwang,, $ 5.25 ,,AWL,,909679.0,DCSE/19/3,3.0,8.0
1924.0,C++ FAQs,Cline M.P.,349.60,,,AWL,,910063.0,DCSE/19/3,3.0,9.0
1925.0,Adv. Prog. In Unix Environment,Stevens W.R.,175.00,,,BPB,,910064.0,DCSE/19/3,3.0,10.0
1926.0,Unix Shell Programming ,Kanetkar ,,,,BPB,LOST,910065.0,DCSE/19/3,3.0,11.0
1927.0,Unix Shell Programming,Kanetkar ,399.00,,,BPB,,910066.0,DCSE/19/3,3.0,12.0
1928.0,Building Intranets on NT Net & Solaris,Steru M.,,,,BPB,,910067.0,DCSE/19/3,3.0,13.0
1929.0,Mathmatical Elements for Computer Graphics (REPLACE),Rogers,, $ 11.95 ,,Mc Graw,,910068.0,DCSE/19/3,3.0,14.0
1929.0,Mathmatical Elements for Computer Graphics (REPLACE),Rogers,, $ 11.95 ,,Mc Graw,,910068.0,DCSE/E/98/5,2.0,15.0
1930.0,Mathmatical Elements of Comp. Gr.,Rogers,, $ 11.95 ,,Mc Graw,,910069.0,DCSE/19/3,3.0,15.0
1931.0,Mathmatical Elements of Comp. Gr.,Rogers,303.70,,,Mc Graw,,910070.0,DCSE/19/3,3.0,16.0
1932.0,Procrdural Elements Of Comp. Gr.,Rogers D.F.,175.00,,,PHI,,910071.0,DCSE/19/3,3.0,17.0
1933.0,IBM PC Assem. Lang. & Prog.,Abel P.,175.00,,,PHI,,910072.0,DCSE/19/3,3.0,18.0
1934.0,IBM PC Assem. Lang. & Prog.,Abel P.,175.00,,,PHI,,910075.0,DCSE/19/3,3.0,19.0
1935.0,IBM PC Assem. Lang. & Prog.,Abel P.,175.00,,,PHI,ISSUED (B.N PANDEY),910076.0,DCSE/19/3,3.0,20.0
1937.0,IBM PC Assem. Lang. & Prog.,Abel P.,375.00,,,Tata Mc Graw,,1937.0,DCSE/19/3,3.0,21.0
1938.0,The Internet Complete Reference,Hahu H.,175.00,,,PHI,,910077.0,DCSE/19/3,3.0,22.0
1939.0,IBM PC Assem. Lang. & Prog.,Abel Peter,175.00,,,PHI,ISSUED (PKS),913526.0,DCSE/19/3,4.0,1.0
1939.0,IBM PC Assem. Lang. & Prog.,Abel Peter,175.00,,,PHI,ISSUED (PKS),3342.0,DCSE/19/5,4.0,1.0
1940.0,IBM PC Assem. Lang. & Prog.,Abel Peter,175.00,,,PHI,,913527.0,DCSE/19/3,4.0,2.0
1941.0,IBM PC Assem. Lang. & Prog.,Abel Peter,175.00,,,PHI,,913528.0,DCSE/19/3,4.0,3.0
1942.0,IBM PC Assem. Lang. & Prog.,Abel Peter,175.00,,,PHI,,913529.0,DCSE/19/3,4.0,4.0
1943.0,IBM PC Assem. Lang. & Prog.,Abel Peter,395.00,,,PHI,,913530.0,DCSE/19/3,4.0,5.0
1944.0,Computer Graphics,Hearn/Baker,395.00,,,PHI,,913531.0,DCSE/19/3,4.0,6.0
1945.0,Computer Graphics,Hearn/Baker,395.00,,,PHI,,913532.0,DCSE/19/3,4.0,7.0
1946.0,Computer Graphics,Hearn/Baker,195.00,,,PHI,,913533.0,DCSE/19/3,4.0,8.0
1947.0,Practical Parallel Programming,Wilson,, $ 7.00 ,,AWL,,913534.0,DCSE/19/3,4.0,9.0
1948.0,Operating System Concepts,Silberschatz,, $ 7.00 ,,AWL,,913537.0,DCSE/19/3,4.0,10.0
1949.0,Operating System Concepts,Silberschatz,, $ 7.00 ,,AWL,,913536.0,DCSE/19/3,4.0,11.0
1950.0,Operating System Concepts,Silberschatz,,,,AWL,,913535.0,DCSE/19/3,4.0,12.0
1951.0,Fundamentals of Data Base Systems (REPLACE),Elsmari Navathe,434.80,,,AWL,,913538.0,DCSE/19/3,4.0,13.0
1952.0,C++ Primer,Lippmam / Lapore,394.60,,,AWL,,913539.0,DCSE/19/3,4.0,14.0
1953.0,Adv. Prog. In Unix Environment,Stevens,262.20,,,AWL,,913540.0,DCSE/19/3,4.0,15.0
1954.0,Principles of CMOS VLSI Design,Wesbe,371.45,,,AWL,,913541.0,DCSE/19/3,4.0,16.0
1955.0,Comp. Graphics: Principles & Practice,Foley,262.20,,,AWL,,913542.0,DCSE/19/3,4.0,17.0
1956.0,The Java Programming Language,Arnold Gosling,266.55,,,AWL,,913543.0,DCSE/19/3,4.0,18.0
1957.0,Artificial Intelligence ,Charniak,240.35,,,AWL,,913544.0,DCSE/19/3,4.0,19.0
1958.0,The Java FAQ,Kanerva,229.40,,,AWL,,913545.0,DCSE/19/3,4.0,20.0
1959.0,The C++ FAQ,Cline/Lomow,391.10,,,Mc Graw,,913546.0,DCSE/19/3,4.0,21.0
1960.0,Software Engineering ,Pressmann,1275.45,,,AWL,,913547.0,DCSE/19/3,4.0,22.0
1961.0,Giabit Networking,Partridge G.C.,125.00,,,PHI,,909963.0,DCSE/19/3,4.0,23.0
1962.0,Prob. & Stat. Re. Q & Comp. Sc. App.,Trivedi K.R.,284.70,,,AWL,,909964.0,DCSE/19/3,4.0,24.0
1963.0,Undocumented DOS through C (REPLACE),Date C.J.,,,,BPB,,909965.0,DCSE/19/3,4.0,25.0
1964.0,Introduction to Database System,Kanetkar Y,1130.92,,,AWL,,909966.0,DCSE/19/3,5.0,1.0
1965.0,Distributed Op. Systems & Algorithm,Chow R.,721.39,,,AWL,,909967.0,DCSE/19/3,5.0,2.0
1966.0,Object Technology,Taylor D.A.,1768.06,,,AWL,,909968.0,DCSE/19/3,5.0,3.0
1967.0,Object Solutions,Booch G.,450.00,,,BPB,,909969.0,DCSE/19/3,5.0,4.0
1968.0,TCP/IP for NT Server 4,MCSE,350.00,,,PHI,,909970.0,DCSE/19/3,5.0,5.0
1969.0,X Windows System Programming,Barkakati,135.00,,,New Age International,,909971.0,DCSE/19/3,5.0,6.0
1971.0,Programming in C,Ravichandran,962.29,,,AWL,,909973.0,DCSE/19/3,5.0,7.0
1972.0,Java Virtual Machine Specification,Lindholm Yellin,1530.81,,,AWL,,909974.0,DCSE/19/3,5.0,8.0
1973.0,Pentium Processor System Arch.,Mindshare,1618.41,,,AWL,,909975.0,DCSE/19/3,5.0,9.0
1974.0,Pentium Pro. & Pen. II Sys. Arch.,Mindshare,841.84,,,AWL,,909976.0,DCSE/19/3,5.0,10.0
1975.0,Measuring Software Reuse,Poulin J.S.,1155.00,,,AWL,,909977.0,DCSE/19/3,5.0,11.0
1976.0,Inside CORBA,Mowbray Ruh,1617.71,,,AWL,,909978.0,DCSE/19/3,5.0,12.0
1977.0,Data Mining,Adriaans P.,,,,AWL,,909980.0,DCSE/19/3,5.0,13.0
1978.0,ATM Sol. For Ent. Internate Working,Ginsburg D.,890.02,,,AWL,,909981.0,DCSE/19/3,5.0,14.0
1979.0,Latex-user Guide & Ref. Manual,Lamport,1155.00,,,AWL,,909982.0,DCSE/19/3,5.0,15.0
1980.0,Building Neural Network,Skapura D.M.,503.70,,,AWL,,909983.0,DCSE/19/3,5.0,16.0
1981.0,Data Struct. & Algorithms Soft. Prin.,Stanish T.A.,591.30,,,Mc Graw,,909979.0,DCSE/19/3,5.0,17.0
1982.0,An Engg. App. To Comp. Networking,Keshav S.,1130.92,,,PHI,,909984.0,DCSE/19/3,5.0,18.0
1983.0,Parallel Computing: Theory & Practice,Quinn M.J.,1155.00,,,AWL,,919143.0,DCSE/19/3,5.0,19.0
1984.0,Comp. Geometry & Comp. Graphics,Laszlo D.B.,195.00,,,AWL,,919144.0,DCSE/19/3,5.0,20.0
1985.0,Data Communications,Hughes L.,195.00,,,Narosa,,910664.0,DCSE/19/3,5.0,21.0
1986.0,Introduction to Graph Theory,West D.B.,195.00,,,PHI,,910665.0,DCSE/19/3,5.0,22.0
1987.0,Comp. Geometry & Comp. Graphics,Laszlo D.B.,250.00,,,PHI,,910666.0,DCSE/19/3,5.0,23.0
1988.0,1001 Programming Tips & Tricks,Renehan,399.00,,,Galgotia,,910667.0,DCSE/19/3,5.0,24.0
1989.0,Mastering Visual C++,Young,150.00,,,BPB,,910668.0,DCSE/19/3,5.0,25.0
1990.0,Principles of Database Management,Martin J.,125.00,,,PHI,,910669.0,DCSE/19/3,5.0,26.0
1991.0,Software Architecture,Shaw M.,225.00,,,PHI,,910670.0,DCSE/19/3,5.0,27.0
1992.0,Data Communications,Gupta P.C.,195.00,,,PHI,,910671.0,DCSE/19/3,5.0,28.0
1993.0,Telecommunications & Computers,Martin J.,175.00,,,PHI,,910670.0,DCSE/19/3,5.0,29.0
1994.0,The Internet Book,Commer D.E.,295.00,,,PHI,,910673.0,DCSE/19/3,5.0,30.0
1995.0,Programming with 80286 Computers,Brey B.B.,1344.65,,,PHI,,910674.0,DCSE/19/3,5.0,31.0
1996.0,The Des. & Imp. Of 4.4 BSD Op. Sys.,Mcknsick M.K.,960.08,,,AWL,,910653.0,DCSE/19/3,5.0,32.0
1997.0,STL Tutorial & Reference Guide,Musser D.R.,719.73,,,AWL,,910654.0,DCSE/19/3,5.0,33.0
1998.0,C Traps & Pitfalls,Koenig A.,267.18,,,AWL,,910655.0,DCSE/19/3,5.0,34.0
1999.0,Introduction to AI,Charniak,251.85,,,AWL,,914202.0,DCSE/19/3,5.0,35.0
2012.0,Applied Discrete Structure,Joshi K.D.,210.00,,,New Age International,,910657.0,CS/08-09/286/7,4.0,13.0
2015.0,Algorithm,Cormen T.H.,275.00,,,PHI,,2015.0,DCSE/19/5,5.0,2.0
2016.0,Algorithm,Cormen T.H.,275.00,,,PHI,,2016.0,DCSE/E/98/5,4.0,20.0
2017.0,Algorithm,Cormen T.H.,,,,PHI,,907110.0,DCSE/E/98/5,3.0,17.0
2018.0,Introduction to Algorithms (REPLACE),Corman,275.00,,,PHI,,917106.0,DCSE/E/98/5,2.0,18.0
2019.0,Algorithm,Cormen T.H.,275.00,,,PHI,,917107.0,DCSE/E/98/5,3.0,12.0
2022.0,Algorithm,Cormen T.H.,233.10,,,PHI,,917103.0,DCSE/19/5,2.0,21.0
2102.0,Operating Systems,Milenkovic,195.00,,,TMH,,936240.0,DCSE/E/98/5,3.0,11.0
2130.0,Schaum's Outlines Dis. Mathmatics,Lipschatz S.,225.00,,,Tata Mc Graw Hill,,932990.0,DCSE/E/98/5,3.0,7.0
2132.0,Graph Theory,Deo Narsingh,150.00,,,PHI,ISSUED (MG),932993.0,DCSE/74/3,1.0,3.0
2133.0,Graph Theory,Deo Narsingh,150.00,,,PHI,,932992.0,DCSE/74/3,1.0,1.0
2135.0,Information Technology,Jain V.K.,150.00,,,BPB,,932995.0,CS/08-09/286/7,2.0,35.0
2136.0,Information Technology,Jain V.K.,350.00,,,BPB,,932994.0,DCSE/74/3,1.0,2.0
2137.0,Fundamentals Of Database Systems (REPLACE),Elmasri Navathe,350.00,,,BPB,,2137.0,DCSE/74/3,1.0,6.0
2137.0,Fundamentals Of Database Systems (REPLACE),Elmasri Navathe,350.00,,,BPB,,932997.0,DCSE/E/98/5,1.0,1.0
2138.0,Fundamentals Of Database Systems ,Elmasri Navathe,,,,BPB,,2138.0,DCSE/74/3,1.0,5.0
2139.0,Fundamentals Of Database Systems,Elmasri Navathe,350.00,,,BPB,,932996.0,DCSE/74/3,1.0,4.0
2140.0,Fundamentals Of Database Systems (REPLACE),Elmasri Navathe,449.29,,,BPB,,932998.0,DCSE/E/98/5,1.0,2.0
2142.0,An Integrated App. To Software Engg.,Pankaj Jalote,275.00,,,Narosa,,933003.0,DCSE/74/3,1.0,12.0
2143.0,An Integrated App. To Software Engg.,Pankaj Jalote,275.00,,,Narosa,ISSUED (DRN),933002.0,DCSE/74/3,1.0,11.0
2144.0,An Integrated App. To Software Engg.,Pankaj Jalote,95.00,,,Narosa,,933001.0,DCSE/74/3,1.0,10.0
2147.0,Intro. Prob. & Statistical Applications,Meyer,95.00,,,Oxford,,933007.0,DCSE/74/3,1.0,9.0
2148.0,Intro. Prob. & Statistical Applications,Meyer,95.00,,,Oxford,,933008.0,DCSE/74/3,1.0,8.0
2149.0,Intro. Prob. & Statistical Applications,Meyer,195.00,,,Oxford,,933006.0,DCSE/74/3,1.0,7.0
2150.0,Object Oriented Programming in C++,Barakakati,195.00,,,PHI,,933010.0,DCSE/74/3,1.0,26.0
2151.0,Object Oriented Programming in C++,Barakakati,195.00,,,PHI,,933011.0,DCSE/74/3,1.0,14.0
2152.0,Object Oriented Programming in C++,Barakakati,250.00,,,PHI,,933009.0,DCSE/74/3,1.0,13.0
2153.0,Computer Networks,Tanenbaum,250.00,,,PHI,,933014.0,DCSE/74/3,1.0,15.0
2154.0,Computer Networks,Tanenbaum,240.00,,,PHI,,933012.0,DCSE/74/3,1.0,16.0
2155.0,Computer Network,Tanenbaum,,,,PHI,LOST,2155.0,DCSE/74/3,1.0,17.0
2156.0,Oracle Developer 2000,Bayross Ivan,240.00,,,BPB,,933016.0,DCSE/74/3,1.0,23.0
2157.0,Oracle Developer 2000,Bayross Ivan,240.00,,,BPB,,933015.0,DCSE/74/3,1.0,19.0
2158.0,Oracle Developer 2000,Bayross Ivan,225.00,,,BPB,,933017.0,DCSE/74/3,1.0,18.0
2159.0,Discrete Mathmatical Structure,Kolman Busby,225.00,,,PHI,,933018.0,DCSE/74/3,1.0,20.0
2160.0,Discrete Mathmatical Structure,Kolman Busby,295.00,,,PHI,,933019.0,DCSE/74/3,1.0,21.0
2161.0,Distibuted Operating System,Sinha P.K.,180.00,,,PHI,,933020.0,DCSE/74/3,2.0,1.0
2162.0,Modern Digital Electronics,Jain R.P.,180.00,,,Mc Graw,,933022.0,DCSE/74/3,2.0,2.0
2163.0,Modern Digital Electronics,Jain R.P.,180.00,,,Mc Graw,,933021.0,DCSE/74/3,2.0,3.0
2164.0,Modern Digital Electronics,Jain R.P.,245.00,,,Mc Graw,,933023.0,DCSE/74/3,2.0,4.0
2167.0,µp Arch. Prog. & App. With 8086,Gaonkar R.S.,275.00,,,Pentium International,,933026.0,DCSE/74/3,1.0,22.0
2168.0,Microprocessor & Interfacing,Hall,275.00,,,TMH,,933027.0,DCSE/74/3,1.0,25.0
2172.0,Simulation Modeling & Analysis,Law Kelton,,,,Mc Graw,,9333031.0,DCSE/6/1,1.0,18.0
2173.0,Artificial Neural Network (REPLACE),Yegnanara.B,375.00,,,PHI,,933032.0,DCSE/74/3,2.0,5.0
2174.0, Neural Network,Haykin Simon,125.00,,,Pearson Education Asia,,933033.0,DCSE/74/3,2.0,6.0
2175.0,Fuzzy Neural Control,Nie J.,326.30,,,PHI,,933034.0,DCSE/74/3,2.0,7.0
2176.0,A Guide to Expert System,Waterman,225.00,,,Wesley A.,,933035.0,DCSE/74/3,2.0,8.0
2177.0,modern Operating System,Tanenbaum,225.00,,,PHI,,933036.0,DCSE/74/3,2.0,9.0
2178.0,Systems Prog. & Operating System,Dhamdhere,225.00,,,TMH,,933037.0,DCSE/74/3,2.0,10.0
2179.0,Operating Systems,Godbole,290.00,,,TMH,,933038.0,DCSE/74/3,2.0,11.0
2180.0,Operating Systems,Crowley Charls,375.00,,,TMH,,933039.0,DCSE/74/3,2.0,12.0
2181.0,Artificial Intelligence ,Nilson N.J.,295.00,,,Pearson Education Asia,,933040.0,DCSE/74/3,2.0,13.0
2182.0,modern Operating System,Tanenbaum,,,,Pearson Education Asia,,958862.0,DCSE/74/3,2.0,14.0
2183.0,Modern Operating Systems (REPLACE),Tanenbaum,295.00,,,Pearson Education Asia,,958861.0,DCSE/74/3,2.0,15.0
2184.0,Artificial Intelligence ,Charniak,420.80,,,Pearson Education Asia,,958864.0,DCSE/74/3,2.0,16.0
2186.0,Artificial Intelligence ,Patric,350.00,,,Pearson Education Asia,,958865.0,DCSE/74/3,2.0,17.0
2188.0,Fundamentals Of Database Systems,Navathe,295.00,,,Pearson Education Asia,,958867.0,DCSE/74/3,1.0,24.0
2189.0,Operating Systems,Dietal,350.00,,,Pearson Education Asia,,958868.0,DCSE/74/3,2.0,18.0
2191.0,Distributed Op. Systems ,Tanenbaum,325.00,,,Pearson Education Asia,,958870.0,DCSE/74/3,3.0,1.0
2192.0,TCP/IP Illustrated Vol. 1,Stevens,405.00,,,Pearson Education Asia,,958871.0,DCSE/74/3,3.0,2.0
2193.0,TCP/IP Illustrated Vol. 3,Stevens,395.00,,,Pearson Education Asia,,958872.0,DCSE/74/3,3.0,3.0
2194.0,Compilers,"Aho,Sethi & Ullman",350.00,,,Pearson Education Asia,,958873.0,DCSE/74/3,3.0,4.0
2195.0,Data Structure & Algorithms,Aho,375.00,,,Pearson Education Asia,,958874.0,DCSE/74/3,3.0,5.0
2196.0,Computer Network,Peterson,75.00,,,Harcourt Asia,,936233.0,DCSE/74/3,3.0,6.0
2197.0,Windows 2000 Instant Reference,Van Stean,180.00,,,BPB,,958876.0,DCSE/74/3,3.0,7.0
2199.0,Implementing Tally 5.4,Nadhani,450.00,,,BPB,,958878.0,DCSE/74/3,3.0,8.0
2200.0,Real Accounting Software,Nadhani,275,,,BPB,,958879.0,DCSE/74/3,3.0,9.0
2201.0,Advanced MSDOS,Duncan,291.5,,,BPB,,958880.0,DCSE/74/3,3.0,10.0
2202.0,System Software,L.L. Beck,,,,AW,,958881.0,DCSE/74/3,3.0,11.0
2203.0,Advanced Computer Architecture (REPLACE),Hwang.K,,,,Mc Graw,,958882.0,DCSE/74/3,3.0,12.0
2204.0,"Data Structures,Algo. & Application in C++",Sahni,125.00,,,Mc Graw,,958883.0,DCSE/74/3,3.0,13.0
2205.0,Fundamentals Of Computers,Raja Raman,125.00,,,PHI,,963675.0,DCSE/74/3,3.0,14.0
2206.0,Fundamentals Of Computers,Raja Raman,150.00,,,PHI,,963676.0,DCSE/74/3,3.0,15.0
2207.0,Graph Theory,Narsingh Deo,159.00,,,PHI,,963678.0,DCSE/74/3,3.0,16.0
2208.0,Graph Theory,Narsingh Deo,295.00,,,PHI,,963677.0,DCSE/74/3,3.0,17.0
2209.0,Operation Research,Taha,295.00,,,PHI,,963680.0,DCSE/74/3,3.0,18.0
2210.0,Operation Research,Taha,175.00,,,PHI,,963679.0,DCSE/74/3,3.0,19.0
2211.0,Parallel Computers,Raja Raman,395.00,,,PHI,,963681.0,DCSE/74/3,3.0,20.0
2212.0,MS TCP/IP for Windows 2000,Powell,425.00,,,PHI,,963682.0,DCSE/74/3,3.0,21.0
2213.0,Computer Graphics,Hearn Baker,150.00,,,PHI,,963683.0,DCSE/74/3,3.0,22.0
2214.0,eCommerce App. From Scratch,Thakur,275.00,,,PHI,,963684.0,DCSE/74/3,3.0,23.0
2215.0,Visual Basic 6 ,Sheriff P.,,,,PHI,ISSUED (B.N PANDEY),963685.0,DCSE/74/3,3.0,24.0
2216.0,Data Structures & Program design in C (REPLACE),Kruse.R,250.00,,,PHI,,963686.0,DCSE/74/3,3.0,25.0
2217.0,Unix Network Programming (REPLACE),Stevens,,,,PHI,,963687.0,DCSE/74/3,3.0,26.0
2218.0,Computer Network,Tanenbaum,170.00,,,PHI,,963688.0,DCSE/74/3,3.0,27.0
2219.0,Programming with JAVA Primer (REPLACE),Balaguruswamy,,,,TMH,ISSUED (SKN),963690.0,DCSE/74/3,3.0,28.0
2220.0,Programming with Java,Balaguruswamy,170.00,,,TMH,,963690.0,DCSE/74/3,3.0,29.0
2221.0,Programming with Java,Balaguruswamy,150.00,,,TMH,,963691.0,DCSE/74/3,3.0,30.0
2223.0,Numerical Methods,Balaguruswamy,165.00,,,TMH,,963692.0,DCSE/74/3,4.0,1.0
2224.0,Programming with Pascal,Venugopal,165.00,,,TMH,,963694.0,DCSE/74/3,4.0,2.0
2225.0,Programming with Pascal,Venugopal,295.00,,,TMH,,963695.0,DCSE/74/3,4.0,3.0
2226.0,Discrete Mathmatics & Application,Rosen,595.00,,,TMH,,963696.0,DCSE/74/3,4.0,4.0
2227.0,The Complete Reference Linux,Peterson,320.00,,,TMH,,963697.0,DCSE/74/3,4.0,5.0
2229.0,Local Area Networks,Basandra,279.00,,,Galgotia,,963699.0,DCSE/74/3,4.0,6.0
2230.0,Fundamentals of Data Struct. In C++,Horowitz,279.00,,,Galgotia,,963700.0,DCSE/74/3,4.0,7.0
2231.0,Computers Algorithms in C++,Horowitz,279.00,,,Galgotia,,963702.0,DCSE/74/3,4.0,8.0
2232.0,Computers Algorithms in C++,Horowitz,220.00,,,Galgotia,,963701.0,DCSE/74/3,4.0,9.0
2233.0,Computers Fundamentals,B.Ram,350.00,,,New Age,,963703.0,DCSE/74/3,4.0,10.0
2234.0,Encyclopedia of Networking & Telecommunications (REPLACE),Sheldon.T,,,,AWL,,956886.0,DCSE/74/3,4.0,11.0
2235.0,The Art of Computer Prog. Vol I,Knuth D.E.,450.00,,,AWL,,958977.0,DCSE/74/3,4.0,12.0
2236.0,The Art of Computer Prog. Vol II,Knuth D.E.,450.00,,,AWL,,958978.0,DCSE/74/3,4.0,13.0
2237.0,The Art of Computer Prog. Vol III,Knuth D.E.,295.00,,,AWL,,958979.0,DCSE/74/3,4.0,14.0
2238.0,Operating Systems,Deital H.M.,375.00,,,AWL,,958980.0,DCSE/74/3,4.0,15.0
2239.0,Data Comm. Comp. Net. & Open Sys.,Halsall F.,275.00,,,AWL,,958981.0,DCSE/74/3,2.0,19.0
2240.0,A Book on C,Kelley A.L. & Ira Phol,225.00,,,AWL,,958982.0,DCSE/74/3,2.0,20.0
2241.0,ATM Network,Hamdel R.,260.00,,,AWL,,958983.0,DCSE/74/3,4.0,17.0
2242.0,The Design & Ana. Of Comp. Algorithm,Aho/Hopcroft/Ullman,325.00,,,AWL,,958984.0,DCSE/74/3,4.0,18.0
2243.0,Concurrent Programming in Java,Lea D.,360.00,,,AWL,,958985.0,DCSE/74/3,4.0,25.0
2244.0,Modern VLSI Design System,Wolf W.,295.00,,,AWL,,958986.0,DCSE/74/3,4.0,19.0
2245.0,Concepts of Programming Language,Sebesta R.W.,245.00,,,AWL,,958987.0,DCSE/74/3,4.0,20.0
2247.0,E. Commerce the Cutting Edge of Busi.,Bajaj K.K.,175.00,,,TMH,,958989.0,DCSE/74/3,4.0,21.0
2248.0,Elements of Discrete Mathmatics,Liu C.L.,375.00,,,TMH,,958990.0,DCSE/74/3,4.0,22.0
2249.0,Advanced Compiler Design,Muchnick S.S.,375.00,,,HAP,ISSUED (MG),958991.0,DCSE/74/3,4.0,23.0
2250.0,Comp. Archtec. A Quantitative Appro.,Hennessy J.L.,240.00,,,HAP,,958992.0,DCSE/74/3,4.0,24.0
2251.0,Oracle Developer 2000,Bayross,295.00,,,BPB,,958993.0,DCSE/74/3,5.0,1.0
2252.0,Principles of Multimedia Database Sys.,Subramaniam,295.00,,,HIP,,958994.0,DCSE/74/3,5.0,2.0
2253.0,TCP/IP Addressing,Graham B.,150.00,,,HIP,,958995.0,DCSE/74/3,5.0,3.0
2254.0,Object Oriented Database Design,Harrington,195.00,,,HIP,,958996.0,DCSE/74/3,5.0,4.0
2255.0,Funda. Of the Theory of Computation,Greenlaw R.,250.00,,,HIP,,958997.0,DCSE/74/3,5.0,5.0
2256.0,The Business of E-Commerce,May P.,240.00,,,CUP,,958998.0,DCSE/74/3,5.0,6.0
2257.0,Learning HTML 4.0(CD),Robbins C.,195.00,,,BPB,,958999.0,DCSE/74/3,5.0,7.0
2258.0,Microprocessors,Rafiquzzman,225.00,,,PHI,,959000.0,DCSE/74/3,5.0,8.0
2259.0,Fundamentals of Algorithm,Brassard G. Bratley P.,295.00,,,PHI,,959001.0,DCSE/74/3,5.0,9.0
2261.0,Introduction to Algorithm,Corman T.,325.00,,,PHI,,959003.0,DCSE/74/3,5.0,10.0
2262.0,Introduction to Algorithm,Corman T.,1264.95,,,PHI,,959004.0,DCSE/74/3,5.0,11.0
2263.0,ISDN Broad  ISDN with Frame Re.,Stallings,367.55,,,PHI,,959005.0,DCSE/74/3,5.0,12.0
2264.0,Computer Architecture & Organisation,Hayes J.P.,350.00,,,MGH,ISSUED (STD),959008.0,DCSE/74/3,5.0,13.0
2266.0,Frontiers of Electronics Commerce,Kalakota,375.00,,,Pearson Education Asia,,932739.0,DCSE/74/3,5.0,14.0
2267.0,Neural Network ,Haykin,250.00,,,Pearson Education Asia,,932740.0,DCSE/74/3,5.0,15.0
2268.0,Ess. Guide to Wireless Commu. Appli.,Dorman,295.00,,,Pearson Education Asia,,932741.0,DCSE/74/3,5.0,16.0
2269.0,Electronic Commerce,Turban,385.00,,,Pearson Education Asia,,932742.0,DCSE/74/3,5.0,17.0
2270.0,Open GL Programming Guide,Woo,325.00,,,Wesley A.,,932741.0,DCSE/74/3,5.0,18.0
2271.0,Digital Image Processing using Java,Efford Nick,295.00,,,Pearson Education Asia,,932744.0,DCSE/74/3,5.0,19.0
2272.0,Intro. To Automata Theo. Lang. & Comp.,Hopcraft,350.00,,,Pearson Education Asia,,932745.0,DCSE/74/3,5.0,20.0
2273.0,"Web 101, Making the Network for you",Lehnert,260.00,,,Pearson Education Asia,,932746.0,DCSE/74/3,5.0,21.0
2274.0,Genetic Algorithm,Goldberg,305.00,,,Wesley A.,ISSUED (NUPUR GOEL),932747.0,DCSE/74/3,5.0,22.0
2275.0,Introduction to Expert Systems,Jackson,395.00,,,Wesley A.,,932748.0,DCSE/74/3,4.0,16.0
2276.0,Linux Kernal Internals,Beck M.,395.00,,,Pearson Education Asia,,932749.0,DCSE/74/3,2.0,25.0
2277.0,Distributed Systems,Coulouris et al.,450.00,,,Pearson Education Asia,,932750.0,DCSE/74/3,2.0,22.0
2278.0,Wireless Applications Protocol,Singhal,325.00,,,Pearson Education Asia,,932751.0,DCSE/74/3,2.0,23.0
2279.0,Logic & Comp. Design Fundamentals,Mano,325.00,,,Wesley A.,,932752.0,DCSE/74/3,2.0,24.0
2280.0,Digital Image Processing,Gonzalez,,,,PEArson Education Asia,LOST,932755.0,DCSE/74/3,2.0,21.0
2313.0,C by Example (REPLACE),Ray Duncan,,,,cup,,932799.0,DCSE/E/98/5,2.0,13.0
2346.0,Data Structure & Algorithms,Aho,260.00,,,P/E,,937940.0,DCSE/E/98/5,2.0,12.0
2360.0,Compilers,Aho Sethi Ullman,395.00,,,Pearson,,978707.0,DCSE/E/98/5,1.0,7.0
2412.0,Parallel Computing (REPLACE),Law,,,,Pearson Education,,972369.0,DCSE/E/98/5,2.0,11.0
2413.0,Simulation Modeling & Analysis,Quinn,295.00,,,TMH,,972370.0,DCSE/19/5,2.0,16.0
2421.0,Advanced Computer Architecture (REPLACE),"Dezso Sima. Peter. Terence,Fountain",475.00,,,Pearson Education,,998146.0,DCSE/E/98/5,2.0,9.0
2421.0,Advanced Computer Architecture (REPLACE),"Dezso Sima. Peter. Terence,Fountain",475.00,,,Pearson Education,,998746.0,DCSE/98/E/2,1.0,1.0
2422.0,Computer Graphics Principles & Practicals,"Foley,Van Dam, Feiner, Hughes",475.00,,,Pearson Education,,998749.0,DCSE/98/E/2,1.0,2.0
2423.0,Computer Graphics Principles & Practicals,"Foley,Van Dam, Feiner, Hughes",425.00,,,Pearson Education,,998748.0,DCSE/98/E/2,1.0,3.0
2424.0,Computer Graphics C Version,Hearn Baker,425.00,,,Pearson Education,,998751.0,DCSE/98/E/2,1.0,4.0
2425.0,Computer Graphics C Version,Hearn Baker,425.00,,,Pearson Education,,998754.0,DCSE/98/E/2,1.0,5.0
2426.0,Computer Graphics C Version,Hearn Baker,425.00,,,Pearson Education,,998753.0,DCSE/98/E/2,1.0,6.0
2427.0,Computer Graphics C Version,Hearn Baker,425.00,,,Pearson Education,,998752.0,DCSE/98/E/2,1.0,7.0
2428.0,Computer Graphics C Version,Hearn Baker,425.00,,,Pearson Education,,998750.0,DCSE/98/E/2,1.0,8.0
2429.0,Computer Graphics C Version,Hearn Baker,425.00,,,Pearson Education,,998755.0,DCSE/98/E/2,1.0,9.0
2430.0,Mathmatical Elements of Comp. Gr.,Roger Adams,250.00,,,TMH,,998759.0,DCSE/98/E/2,1.0,10.0
2431.0,Mathmatical Elements of Comp. Gr.,Roger Adams,250.00,,,TMH,,998751.0,DCSE/98/E/2,1.0,11.0
2432.0,Mathmatical Elements of Comp. Gr.,Roger Adams,250.00,,,TMH,,998756.0,DCSE/98/E/2,1.0,12.0
2433.0,Mathmatical Elements of Comp. Gr.,Roger Adams,250.00,,,TMH,,998758.0,DCSE/98/E/2,1.0,13.0
2434.0,Mathmatical Elements of Comp. Gr.,Roger Adams,250.00,,,TMH,,998760.0,DCSE/98/E/2,1.0,14.0
2435.0,Mathmatical Elements of Comp. Gr.,Roger Adams,250.00,,,TMH,,998761.0,DCSE/98/E/2,1.0,15.0
2436.0,Procedural Elements of Computer Graphics,Roger D.F,295.00,,,TMH,,994158.0,DCSE/98/E/2,1.0,16.0
2437.0,Procedural Elements of Computer Graphics,Roger D.F,295.00,,,TMH,,998762.0,DCSE/98/E/2,1.0,17.0
2438.0,Procedural Elements of Computer Graphics,Roger D.F,295.00,,,TMH,,994199.0,DCSE/98/E/2,1.0,18.0
2439.0,Procedural Elements of Computer Graphics,Roger D.F,295.00,,,TMH,,994200.0,DCSE/98/E/2,1.0,19.0
2440.0,Procedural Elements of Computer Graphics,Roger D.F,295.00,,,TMH,,998763.0,DCSE/98/E/2,1.0,20.0
2441.0,Procedural Elements of Computer Graphics,Roger D.F,295.00,,,,,998764.0,DCSE/98/E/2,1.0,21.0
2442.0,Neural Network Fundamentals with Algo. & Appli.,"Bose N K,Liang P",195.00,,,,,998765.0,DCSE/98/E/2,1.0,22.0
2443.0,Neural Network Fundamentals with Algo. & Appli.,"Bose N K,Liang P",195.00,,,TMH,,998770.0,DCSE/98/E/2,1.0,23.0
2444.0,Neural Network Fundamentals with Algo. & Appli.,"Bose N K,Liang P",195.00,,,TMH,,998766.0,DCSE/98/E/2,1.0,24.0
2445.0,Neural Network Fundamentals with Algo. & Appli.,"Bose N K,Liang P",195.00,,,TMH,,998768.0,DCSE/98/E/2,2.0,1.0
2446.0,Neural Network Fundamentals with Algo. & Appli.,"Bose N K,Liang P",195.00,,,TMH,,998769.0,DCSE/98/E/2,2.0,2.0
2447.0,Neural Network Fundamentals with Algo. & Appli.,"Bose N K,Liang P",195.00,,,TMH,,998767.0,DCSE/98/E/2,2.0,3.0
2448.0,Data & Computer Communications ,Stallings,265.00,,,PHI,,988007.0,DCSE/98/E/2,2.0,4.0
2449.0,Data & Computer Communications ,Stallings,265.00,,,PHI,,988008.0,DCSE/98/E/2,2.0,5.0
2450.0,Data & Computer Communications ,Stallings,265.00,,,TMH,,988006.0,DCSE/98/E/2,2.0,6.0
2451.0,Introduction to Probability & Statistics,Lipschutz,215.00,,,TMH,,988012.0,DCSE/98/E/2,2.0,7.0
2452.0,Introduction to Probability & Statistics,Lipschutz,215.00,,,TMH,,988011.0,DCSE/98/E/2,2.0,8.0
2454.0,Introduction to Probabilty & Statistics Application (REPLACE),Lipschutz,125.00,,,TMH,,988009.0,DCSE/98/E/2,2.0,9.0
2455.0,Introduction to Probability & Statistics Applications,Meyers,125.00,,,Oxford,,988013.0,DCSE/98/E/2,2.0,10.0
2456.0,Introduction to Probability & Statistics Applications,Meyers,125.00,,,Oxford,,988014.0,DCSE/98/E/2,2.0,11.0
2457.0,Introduction to Probability & Statistics Applications,Meyers,200.00,,,Oxford,,988015.0,DCSE/98/E/2,2.0,12.0
2458.0,Fundamentals of Statistics,Gunn A.M.,195,,,World Press,,988017.0,DCSE/98/E/2,2.0,13.0
2459.0,Fundamental of Statistics,Gunn A.M,200.00,,,World Press,,988016.0,DCSE/98/E/2,2.0,14.0
2460.0,Fundamentals of Statistics,Gunn A.M.,200.00,,,World Press,,988018.0,DCSE/98/E/2,2.0,15.0
2461.0,Fundamentals of Statistics I,Gunn A.M.,200.00,,,World Press,,988020.0,DCSE/98/E/2,2.0,16.0
2462.0,Fundamentals of Statistics I,Gunn A.M.,200.00,,,World Press,,988019.0,DCSE/98/E/2,2.0,17.0
2463.0,Fundamentals of Statistics II,Gunn A.M.,200.00,,,World Press,,988024.0,DCSE/98/E/2,2.0,18.0
2464.0,Fundamentals of Statistics II,Gunn A.M.,200.00,,,World Press,,988023.0,DCSE/98/E/2,2.0,19.0
2466.0,Fundamentals of Statistics II,Gunn A.M.,200.00,,,World Press,,988026.0,DCSE/98/E/2,2.0,20.0
2467.0,Fundamentals of Statistics II,Gunn A.M.,200.00,,,World Press,,988022.0,DCSE/98/E/2,2.0,21.0
2468.0,Fundamentals of Statistics II,Gunn A.M.,195.00,,,World Press,,988025.0,DCSE/98/E/2,2.0,22.0
2469.0,"Parallel Computers, Architecture & Programming",Raja Raman,195.00,,,P.Hall,,988027.0,DCSE/98/E/2,2.0,23.0
2470.0,"Parallel Computers,Architecture & Programming",Raja Raman,195.00,,,P.Hall,,988030.0,DCSE/98/E/2,2.0,24.0
2471.0,"Parallel Computers, Architecture & Programming",Raja Raman,195.00,,,P.Hall,,988031.0,DCSE/98/E/2,2.0,25.0
2472.0,"Parallel Computers, Architecture & Programming",Raja Raman,195.00,,,P.Hall,,988029.0,DCSE/98/E/2,2.0,26.0
2473.0,"Parallel Computers, Architecture & Programming",Raja Raman,195.00,,,P.Hall,,988028.0,DCSE/98/E/2,2.0,27.0
2474.0,Practical Parallel Programming,Wilson,195.00,,,PHI,,988032.0,DCSE/98/E/2,2.0,28.0
2475.0,Practical Parallel Programming,Wilson,195.00,,,PHI,,988033.0,DCSE/98/E/2,2.0,29.0
2476.0,"Internet Working with TCP I Principles, Protocals & Architecture",Commer Stevens,195.00,,,PHI,,988034.0,DCSE/98/E/2,2.0,30.0
2477.0,Software Engineering,Sommer Ville,399.00,,,Pearson Education,,988035.0,DCSE/98/E/2,2.0,31.0
2478.0,Moleculer Biology the Cell,Albert,4165.80,,,Garland Science,,988036.0,DCSE/98/E/2,2.0,32.0
2479.0,Data Communications & Networking (REPLACE),Forouzan,325.00,,,TMH,,987987.0,DCSE/98/E/2,3.0,1.0
2480.0,Data Communications & Networking,Forouzan,325.00,,,TMH,,987988.0,DCSE/98/E/2,3.0,2.0
2481.0,Data Communications & Networking,Forouzan,325.00,,,TMH,,987991.0,DCSE/98/E/2,3.0,3.0
2482.0,Data Communications & Networking,Forouzan,325.00,,,TMH,,987989.0,DCSE/98/E/2,3.0,4.0
2483.0,Data Communications & Networking,Forouzan,265.00,,,TMH,,987990.0,DCSE/98/E/2,3.0,5.0
2484.0,Data & Communications,Stallings,425.00,,,PHI,,987992.0,DCSE/98/E/2,3.0,6.0
2485.0,The Computer Reference JAVA J2SE 5th Edition,Schildt,425.00,,,Mc Graw Hill,,987993.0,DCSE/98/E/2,3.0,7.0
2486.0,The Complete Reference JAVA (REPLACE),Schildt,,,,Mc Graw Hill,,987996.0,DCSE/98/E/2,3.0,8.0
2487.0,The Complete Reference JAVA J2SE 5th Edition,Schildt,,,,Mc Graw Hill,,987997.0,DCSE/98/E/2,3.0,9.0
2488.0,The Complete Reference JAVA J2SE 5th Edition (REPLACE),Schildt,425.00,,,Mc Graw Hill,,987989.0,DCSE/E/98/5,2.0,10.0
2488.0,The Complete Reference JAVA J2SE 5th Edition (REPLACE),Schildt,425.00,,,Mc Graw Hill,,987994.0,DCSE/98/E/2,3.0,10.0
2489.0,The Complete Reference JAVA J2SE 5th Edition,Schildt,425.00,,,Mc Graw Hill,,987995.0,DCSE/98/E/2,3.0,11.0
2490.0,Internet Working with TCP I/P,Commer Stevens,250.00,,,Pearson Education,,987998.0,DCSE/98/E/2,3.0,12.0
2491.0,Advanced Computer Architecture & Design Space Approach,Sima D.,450.00,,,Pearson Education,,1000784.0,DCSE/98/E/2,3.0,13.0
2492.0,Advanced Computer Architecture & Design Space Approach,Sima D.,450.00,,,Pearson Education,,1000783.0,DCSE/98/E/2,3.0,14.0
2493.0,Advanced Computer Architecture & Design Space Approach,Sima D.,450.00,,,Pearson Education,,1000782.0,DCSE/98/E/2,3.0,15.0
2494.0,Advanced Computer Architecture & Design Space Approach,Sima D.,450.00,,,Pearson Education,,1000785.0,DCSE/98/E/2,3.0,16.0
2495.0,Computer Architecture Pipelined & Parallel Processor,Flynn M.J.,275.00,,,Narosa,,1000787.0,DCSE/98/E/2,3.0,17.0
2496.0,Computer Architecture Pipelined & Parallel Processor,Flynn M.J.,275.00,,,Narosa,,1000786.0,DCSE/98/E/2,3.0,18.0
2497.0,Introduction to Parallel Processing,Sashi Kumar,175.00,,,P.Hall,,1000788.0,DCSE/98/E/2,3.0,19.0
2498.0,Introduction to Parallel Processing,Sashi Kumar,175.00,,,P.Hall,,1000789.0,DCSE/98/E/2,3.0,20.0
2499.0,"Parallel Computers, Architecture & Programming",Raja Raman,195.00,,,PHI,,1000790.0,DCSE/98/E/2,3.0,21.0
2500.0,"Parallel Computers, Architecture & Programming",Raja Raman,195.00,,,PHI,,1000791.0,DCSE/98/E/2,3.0,23.0
2501.0,Parallel Computing Theory & Practice,Quinn,240.00,,,TMH,ISSUED (SHAILENDRA-RGSC),1000792.0,DCSE/98/E/2,3.0,22.0
2503.0,Bioinformatics Seqences & Genome,David M Mount,1195.00,,,CBS,,1000796.0,DCSE/98/E/2,3.0,24.0
2504.0,Distributed Systems ; Concepts & Design,Coulouris et al.,399.00,,,Pearson Education,,1000794.0,DCSE/98/E/2,4.0,1.0
2505.0,Distributed Systems ; Concepts & Design,Coulouris et al.,399.00,,,Pearson Education,,1000795.0,DCSE/98/E/2,4.0,2.0
2507.0,Graph Theory with Applications to Engineering & Computer Science,Deo Narsingh,225.00,,,PHI,,1056754.0,DCSE/98/E/2,4.0,3.0
2508.0,Graph Theory with Applications to Engineering & Computer Science,Deo Narsingh,225.00,,,PHI,,1056753.0,DCSE/98/E/2,4.0,4.0
2509.0,Graph Theory with Applications to Engineering & Computer Science,Deo Narsingh,225.00,,,PHI,,1056757.0,DCSE/98/E/2,4.0,5.0
2510.0,Graph Theory with Applications to Engineering & Computer Science,Deo Narsingh,225.00,,,PHI,,1056756.0,DCSE/98/E/2,4.0,6.0
2511.0,Let us C,Kanetkar,240.00,,,BPB,,1056760.0,DCSE/98/E/2,4.0,7.0
2512.0,Graph Theory with Applications to Engineering & Computer Science,Deo Narsingh,225.00,,,PHI,,1056755.0,DCSE/98/E/2,4.0,8.0
2514.0,Let us C,Kanetkar,240.00,,,BPB,,1056761.0,DCSE/98/E/2,4.0,9.0
2515.0,Let us C,Kanetkar,240.00,,,BPB,,1056762.0,DCSE/98/E/2,4.0,10.0
2516.0,Let us C,Kanetkar,240.00,,,BPB,,1056759.0,DCSE/19/5,2.0,19.0
2517.0,Fundamentals of Software Engineerings,Rajib Mall,250.00,,,PHI,,1056763.0,DCSE/98/E/2,4.0,11.0
2518.0,Fundamentals of Software Engineerings,Rajib Mall,250.00,,,PHI,,1056764.0,DCSE/98/E/2,4.0,12.0
2519.0,Upgrading & Repairing PCS,Scott Mueller,725.00,,,Pearson Education,,1056765.0,DCSE/98/E/2,4.0,13.0
2520.0,Artificial Intelligence ,Rich,350.00,,,TMH,,1056766.0,DCSE/98/E/2,4.0,14.0
2521.0,Artificial Intelligence ,Rich,350.00,,,,,1056767.0,DCSE/98/E/2,4.0,15.0
2522.0,Discrete Mathmatics & Application,Rosen Kenneth,425.00,,,,,1056770.0,DCSE/98/E/2,4.0,16.0
2523.0,Discrete Mathmatics & Application,Rosen Kenneth,425.00,,,,,1056771.0,DCSE/98/E/2,4.0,17.0
2524.0,Discrete Mathmatics & Application,Rosen Kenneth,425.00,,,TATA ,,1056769.0,DCSE/19/5,5.0,4.0
2526.0,Computer Reference Java 2,Schildt,485.00,,,TMH,,1056773.0,DCSE/98/E/2,4.0,18.0
2527.0,Computer Reference Java 2,Schildt,485.00,,,TMH,,1056772.0,DCSE/98/E/2,4.0,19.0
2528.0,Computer Graphics with Open GL,Hearn Baker,599.00,,,Pearson,,1056774.0,DCSE/98/E/2,4.0,20.0
2529.0,Unix : Concepts & Applications,Sumitabha Das,385.00,,,TMH,,1056775.0,DCSE/98/E/2,4.0,21.0
2530.0,Unix : Concepts & Applications,Sumitabha Das,385.00,,,TMH,,1056776.0,DCSE/98/E/2,4.0,22.0
2531.0,Computer System Architecture,M.Morris Mano,225.00,,,Pearson,,1056778.0,DCSE/98/E/2,5.0,1.0
2532.0,Computer System Architecture,M.Morris Mano,225.00,,,Pearson,,1056777.0,DCSE/98/E/2,5.0,2.0
2533.0,Programming in ANSI C,E. Balaguruswamy,240.00,,,TMH,,1056779.0,DCSE/98/E/2,5.0,3.0
2534.0,Programming in ANSI C,E. Balaguruswamy,240.00,,,TMH,,1056783.0,DCSE/19/5,2.0,22.0
2535.0,Programming in ANSI C,E. Balaguruswamy,240.00,,,TMH,,1056782.0,DCSE/98/E/2,5.0,4.0
2536.0,Programming in ANSI C,E. Balaguruswamy,240.00,,,TMH,,1056780.0,DCSE/98/E/2,5.0,5.0
2538.0,Fundamentals of Database Systems,Elmasri Navathe,450.00,,,Pearson,,1056784.0,DCSE/98/E/2,5.0,6.0
2539.0,Fundamentals of Database Systems,Elmasri Navathe,450.00,,,Pearson,,1056786.0,DCSE/98/E/2,5.0,7.0
2540.0,Fundamentals of Database Systems,Elmasri Navathe,450.00,,,Pearson,,1056785.0,DCSE/98/E/2,5.0,8.0
2541.0,Microprocessors Arch. Prog. & Appli. With 8085,Gaunkar,360.00,,,Penram International Publishing,,1056723.0,DCSE/98/E/2,5.0,10.0
2542.0,Microprocessors Arch. Prog. & Appli. With 8085,Gaunkar,360.00,,,Penram International Publishing,,1056722.0,DCSE/98/E/2,5.0,9.0
2544.0,Bayesean Networks & Decision Graphs,Finn V. Jenson,4773.82,,,Springer,,1056725.0,DCSE/98/E/2,5.0,11.0
2545.0,An Introduction to  Cryptography,Mollin,4089.18,,,Chapman & Hall,,1056726.0,DCSE/98/E/2,5.0,12.0
2546.0,Pattern Discovery in Bioinformatics,Laxmi Parida,4416.38,,,,,1056727.0,DCSE/98/E/2,5.0,13.0
2547.0,Algorithm & Data Structure,Mehlhorn,2568.82,,,,,1056728.0,DCSE/98/E/2,5.0,14.0
2548.0,The C Programming Language,Kerningham & Ritchie,120.00,,,Pearson Education,,1056733.0,DCSE/98/E/2,5.0,15.0
2550.0,The C Programming Language,Kerningham & Ritchie,120.00,,,Pearson Education,,1056729.0,DCSE/98/E/2,5.0,16.0
2565.0,System Analysis & Design,Elias M. Awad,385.00,,,Galgotia,,1064360.0,DCSE/E/98/5,3.0,23.0
2566.0,System Analysis & Design,Elias M. Awad,385.00,,,Galgotia,,1064359.0,DCSE/E/98/5,2.0,24.0
2580.0,Digital Logic & Computer Design,M. Morris Mano,265.00,,,Pearson Education,,1064377.0,DCSE/E/98/5,3.0,24.0
2582.0,Digital Logic & Computer Design,M. Morris Mano,265.00,,,Pearson Education,,1064376.0,CS/08-09/286/7,5.0,7.0
2584.0,Digital Logic & Computer Design,M. Morris Mano,265.00,,,Pearson Education,,1064380.0,DCSE/E/98/5,4.0,5.0
2587.0,Computer Organisation & Architecture,Stallings,350.00,,,PHI,,1064382.0,DCSE/E/98/5,2.0,5.0
2619.0,Object Oriented Modelling & Design,"James, Micheal, william",425.00,,,Prentice hall of india,,864401.0,DCSE/6/1,1.0,11.0
2641.0,Distributed Systems 4th edition,Coulouris et al.,545.00,,,Pearson Education,,1064439.0,DCSE/E/98/5,2.0,6.0
2650.0,Design Method & Analysis of Algorithm,S.K.Basu,250.00,,,PHI,,1064446.0,DCSE/19/5,2.0,26.0
2651.0,Software Architecture,Shaw & Garlian,225.00,,,PHI,not,1064448.0,M-156/L046,1.0,1.0
2652.0,Software Architecture,Shaw & Garlian,225.00,,,PHI,not,1064447.0,M-156/L046,1.0,2.0
2653.0,At Guide to managing & Maintaining Yours PC,Annorews J.,814.00,,,Cengage Learning,,1056832.0,M-156/L046,1.0,3.0
2654.0,At Guide to managing & Maintaining Yours PC,Annorews J.,814.00,,,Cengage Learning,,1056831.0,M-156/L046,1.0,4.0
2655.0,At Guide to managing & Maintaining Yours PC,Annorews J.,814.00,,,Cengage Learning,CL,1056830.0,M-156/L046,1.0,5.0
2656.0,Adobe Programmer 7.0,Proot k.,295.00,,,Cengage Learning,,1056833.0,M-156/L046,1.0,6.0
2657.0,Adobe Programmer 7.0,Proot k.,295.00,,,Cengage Learning,,1056834.0,M-156/L046,1.0,7.0
2658.0,Adobe Programmer 7.0,Proot k.,295.00,,,Cengage Learning,,1056835.0,M-156/L046,1.0,8.0
2659.0,Adobe Photoshop CS3,Shelly,295.00,,,Cengage Learning,,1056836.0,M-156/L046,1.0,9.0
2660.0,Adobe Photoshop CS3,Shelly,295.00,,,Cengage Learning,,1056837.0,M-156/L046,1.0,10.0
2661.0,Adobe Photoshop CS3,Shelly,295.00,,,Cengage Learning,,1056838.0,M-156/L046,1.0,11.0
2662.0,Algorithms,Berman,350.00,,,Cengage Learning,,1056839.0,M-156/L047,1.0,12.0
2663.0,Algorithms,Berman,350.00,,,Cengage Learning,,1056840.0,M-156/L048,1.0,13.0
2664.0,Algorithms,Berman,350.00,,,Cengage Learning,,1056841.0,M-156/L049,1.0,14.0
2665.0,An Introduction to  Mathmatical Computer Sc.,Viswanath,425.00,,,Universities Press,,1056842.0,M-156/L050,1.0,15.0
2666.0,An Introduction to  Web Design & Programming,"WANG, PS",415.00,,,Cengage Learning,,1056844.0,M-156/L051,1.0,16.0
2667.0,An Introduction to  Web Design & Programming,"WANG, PS",415.00,,,Cengage Learning,,1056843.0,M-156/L052,1.0,17.0
2668.0,An Introduction to  Web Design & Programming,"WANG, PS",415.00,,,Cengage Learning,,1056845.0,M-156/L053,1.0,18.0
2670.0,Applied Numerical Method for Engineering,"Schilling,R.J.",499.00,,,Cengage Learning,,1056846.0,M-156/L053,1.0,19.0
2671.0,Applied Numerical Method for Engineering,"Schilling,R.J.",499.00,,,Cengage Learning,,1056847.0,M-156/L054,1.0,20.0
2672.0,Computer Forensics & Investigation,Phillips N.,499.00,,,Cengage Learning,,1056849.0,M-156/L055,1.0,21.0
2673.0,Computer Forensics & Investigation,Phillips N.,499.00,,,Cengage Learning,,1056851.0,M-156/L056,1.0,22.0
2674.0,Computer Forensics & Investigation,Phillips N.,499.00,,,Cengage Learning,,1056850.0,M-156/L057,1.0,23.0
2675.0,Computer Science : A Structured Approach using C++,Forouzan,465.00,,,Cengage Learning,,1056854.0,M-156/L058,1.0,24.0
2676.0,Computer Science : A Structured Approach using C++,Forouzan,465.00,,,Cengage Learning,,1056852.0,M-156/L059,1.0,25.0
2677.0,Computer Science : A Structured Approach using C++,Forouzan,465.00,,,Cengage Learning,,1056853.0,M-156/L060,1.0,26.0
2678.0,Data Mining Techniques,"Pujari, A.K.",350.00,,,Universities Press,,1056855.0,M-156/L061,1.0,27.0
2679.0,Data Structures : A Pseudocode Approach with C,Gilberg. R.F.,395.00,,,Cengage Learning,,1056856.0,M-156/L062,1.0,28.0
2680.0,Data Structures : A Pseudocode Approach with C,Gilberg. R.F.,395.00,,,Cengage Learning,,1056857.0,M-156/L063,1.0,29.0
2682.0,Discrete Mathmatics for Computer Sc.,Haggard,433.00,,,Cengage Learning,,1056861.0,M-156/L053,2.0,1.0
2683.0,Discrete Mathmatics for Computer Sc.,Haggard,433.00,,,Cengage Learning,,1056859.0,M-156/L054,2.0,2.0
2684.0,Discrete Mathmatics for Computer Sc.,Haggard,433.00,,,Cengage Learning,,1056860.0,M-156/L055,2.0,3.0
2686.0,Discrete Mathmatics with Combinatories,Santha's,395.00,,,Cengage Learning,,1056862.0,M-156/L053,2.0,4.0
2688.0,E Commerce,Schoeider G.,369.00,,,Cengage Learning,,1056867.0,M-156/L053,2.0,5.0
2689.0,E Commerce,Schoeider G.,369.00,,,Cengage Learning,,1056866.0,M-156/L054,2.0,6.0
2690.0,E Commerce,Schoeider G.,369.00,,,Cengage Learning,ISSUED (SHAILENDRA-RGSC),1056865.0,M-156/L055,2.0,7.0
2691.0,Elements of Data Compression,Drozdea A.,195.00,,,Cengage Learning,,1056868.0,M-156/L056,2.0,8.0
2692.0,Elements of Data Compression,Drozdea A.,195.00,,,Cengage Learning,,1056869.0,M-156/L057,2.0,9.0
2693.0,Elements of Data Compression,Drozdea A.,195.00,,,Cengage Learning,,1056870.0,M-156/L058,2.0,10.0
2694.0,Engineering Graphics,Goetsch,399.00,,,Cengage Learning,,1056873.0,M-156/L059,2.0,11.0
2695.0,Engineering Graphics,Goetsch,399.00,,,Cengage Learning,,1056872.0,M-156/L060,2.0,12.0
2696.0,Engineering Graphics,Goetsch,399.00,,,Cengage Learning,,1056871.0,M-156/L061,2.0,13.0
2697.0,Enterprise Resource Planning,Monk E.F.,225.00,,,Cengage Learning,,1056876.0,M-156/L062,2.0,14.0
2698.0,Enterprise Resource Planning,Monk E.F.,225.00,,,Cengage Learning,,1056875.0,M-156/L063,2.0,15.0
2699.0,Enterprise Resource Planning,Monk E.F.,225.00,,,Cengage Learning,,1056874.0,M-156/L064,2.0,16.0
2700.0,Expert System,Giarratano,499.00,,,Cengage Learning,,1056879.0,M-156/L065,2.0,17.0
2701.0,Expert System,Giarratano,499.00,,,Cengage Learning,,1056877.0,M-156/L066,2.0,18.0
2702.0,Expert System,Giarratano,499.00,,,Cengage Learning,,1056878.0,M-156/L067,2.0,19.0
2703.0,Foundation of Programming Language,"Roosta, S.H.",425.00,,,Cengage Learning,,1056882.0,M-156/L068,2.0,20.0
2704.0,Foundation of Programming Language,"Roosta, S.H.",425.00,,,Cengage Learning,,1056881.0,M-156/L069,2.0,21.0
2705.0,Foundation of Programming Language,"Roosta, S.H.",425.00,,,Cengage Learning,,1056880.0,M-156/L070,2.0,22.0
2706.0,Fundamentals of Computer,Morley & Parker,299.00,,,Cengage Learning,,1056883.0,M-156/L071,2.0,23.0
2707.0,Fundamentals of Computer,Morley & Parker,299.00,,,Cengage Learning,,1056885.0,M-156/L072,2.0,24.0
2708.0,Fundamentals of Computer,Morley & Parker,299.00,,,Cengage Learning,,1056884.0,M-156/L073,2.0,25.0
2709.0,Fundamentals of Computer Security,Pieprzyk & Hardjono,575.00,,,Orient LO,,1056886.0,M-156/L074,2.0,26.0
2710.0,Human Computer interaction Basics & Practice,Atakan S.,175.00,,,Cengage Learning,,1056889.0,M-156/L075,2.0,27.0
2711.0,Human Computer interaction Basics & Practice,Atakan S.,175.00,,,Cengage Learning,,1056888.0,M-156/L076,2.0,28.0
2714.0,Human Computer interaction Inver.,Olsen D.R.,325.00,,,Cengage Learning,,1056890.0,M-156/L053,3.0,1.0
2715.0,Human Computer interaction Inver.,Olsen D.R.,325.00,,,Cengage Learning,,1056892.0,M-156/L054,3.0,2.0
2716.0,Interactive Computer Graphics,Sung K.,395.00,,,Cengage Learning,,1056895.0,M-156/L055,3.0,3.0
2717.0,Interactive Computer Graphics,Sung K.,395.00,,,Cengage Learning,,1056893.0,M-156/L056,3.0,4.0
2718.0,Interactive Computer Graphics,Sung K.,395.00,,,Cengage Learning,,1056894.0,M-156/L057,3.0,5.0
2719.0,Introduction to 3D Graphics & Animation using Maya,Watrins A.,489.00,,,Cengage Learning,,1056896.0,M-156/L058,3.0,6.0
2720.0,Introduction to 3D Graphics & Animation using Maya,Watrins A.,489.00,,,Cengage Learning,,1056897.0,M-156/L059,3.0,7.0
2721.0,Introduction to 3D Graphics & Animation using Maya,Watrins A.,489.00,,,Cengage Learning,,1056898.0,M-156/L060,3.0,8.0
2723.0,Introduction to Digital Image Processing with Matlab,Acandrew,325.00,,,Cengage Learning,,1056900.0,DCSE/E/98/5,3.0,21.0
2724.0,Introduction to Digital Image Processing with Matlab,Acandrew,325.00,,,Cengage Learning,,1056901.0,M-156/L053,3.0,9.0
2725.0,Introduction to Information Technology,Aksoy,295.00,,,Cengage Learning,,1056904.0,M-156/L054,3.0,10.0
2726.0,Introduction to Information Technology,Aksoy,295.00,,,Cengage Learning,,1056903.0,M-156/L055,3.0,11.0
2727.0,Introduction to Information Technology,Aksoy,295.00,,,Cengage Learning,,1056902.0,M-156/L056,3.0,12.0
2728.0,Introduction to Network Security,Kranetz N.,395.00,,,Cengage Learning,,1056907.0,M-156/L057,3.0,13.0
2729.0,Introduction to Network Security,Kranetz N.,395.00,,,Cengage Learning,,1056906.0,M-156/L058,3.0,14.0
2730.0,Introduction to Network Security,Kranetz N.,395.00,,,Cengage Learning,,1056905.0,M-156/L059,3.0,15.0
2731.0,Introduction to Scientific Computation & Programming,Kaplan D.T.,380.00,,,Cengage Learning,,1056910.0,M-156/L060,3.0,16.0
2732.0,Introduction to Scientific Computation & Programming,Kaplan D.T.,380.00,,,Cengage Learning,,1056909.0,M-156/L061,3.0,17.0
2733.0,Introduction to Scientific Computation & Programming,Kaplan D.T.,380.00,,,Cengage Learning,,1056908.0,M-156/L062,3.0,18.0
2734.0,Java Programming : Advanced Topics,Wiggles W.O.,679.00,,,Cengage Learning,,1056912.0,M-156/L063,3.0,19.0
2735.0,Java Programming : Advanced Topics,Wiggles W.O.,679.00,,,Cengage Learning,,1056911.0,M-156/L064,3.0,20.0
2736.0,Java Programming : Advanced Topics,Wiggles W.O.,679.00,,,Cengage Learning,,1056913.0,M-156/L065,3.0,21.0
2737.0,"Markov Chains Models, Algorithms & Aplications",Ching W.K.,395.00,,,Springer,ISSUED (VKS),1056914.0,M-156/L066,3.0,22.0
2738.0,Matlab Programming for Engineers 3ed.,Chapman S.J.,353.00,,,Cengage Learning,ISSUED (VKS),1056915.0,M-156/L067,3.0,23.0
2739.0,Matlab Programming for Engineers 3ed.,Chapman S.J.,353.00,,,Cengage Learning,,1056916.0,M-156/L068,3.0,24.0
2740.0,Matlab Programming for Engineers 3ed.,Chapman S.J.,353.00,,,Cengage Learning,,1056917.0,M-156/L069,3.0,25.0
2741.0,Neural Network Design,Hagan M.T.,433.00,,,Cengage Learning,,1056918.0,M-156/L070,3.0,26.0
2742.0,Neural Network Design,Hagan M.T.,433.00,,,Cengage Learning,,1056920.0,M-156/L071,3.0,27.0
2743.0,Neural Network Design,Hagan M.T.,433.00,,,Cengage Learning,,1056919.0,M-156/L072,3.0,28.0
2744.0,Numerical Analysis,Burden R.L.,475.00,,,Cengage Learning,,1056923.0,M-156/L073,3.0,29.0
2746.0,Numerical Analysis,Burden R.L.,475.00,,,Cengage Learning,,1056921.0,M-156/L073,4.0,1.0
2749.0,Numerical Methods & Applications,Cheney E.W.,395.00,,,Cengage Learning,,1056926.0,M-156/L073,4.0,2.0
2750.0,Operating System,"Flynn, Mchoes",321.00,,,Cengage Learning,,1056929.0,M-156/L074,4.0,3.0
2751.0,Operating System,"Flynn, Mchoes",321.00,,,Cengage Learning,,1056927.0,M-156/L075,4.0,4.0
2752.0,Operating System,"Flynn, Mchoes",321.00,,,Cengage Learning,,1056928.0,M-156/L076,4.0,5.0
2753.0,Operating System & Middleware,May Wailperin,399.00,,,Cengage Learning,,1056930.0,M-156/L077,4.0,6.0
2754.0,Operating System & Middleware,May Wailperin,399.00,,,Cengage Learning,,1056931.0,M-156/L078,4.0,7.0
2755.0,Operating System & Middleware,May Wailperin,399.00,,,Cengage Learning,,1056932.0,M-156/L079,4.0,8.0
2756.0,Project Management in IT,Schwalbe K.,350.00,,,Cengage Learning,,1056933.0,M-156/L080,4.0,9.0
2757.0,Project Management in IT,Schwalbe K.,350.00,,,Cengage Learning,,1056934.0,M-156/L081,4.0,10.0
2758.0,Project Management in IT,Schwalbe K.,350.00,,,Cengage Learning,,1056935.0,M-156/L082,4.0,11.0
2759.0,Programming in MATLAB,Hernjter M.,395.00,,,Cengage Learning,,1056937.0,DCSE/E/98/5,4.0,18.0
2760.0,Programming in MATLAB,Hernjter M.,395.00,,,Cengage Learning,,1056938.0,M-156/L073,4.0,12.0
2761.0,Programming in MATLAB,Hernjter M.,395.00,,,Cengage Learning,,1056936.0,M-156/L074,4.0,13.0
2762.0,AFID + The Complete Review of Radio Frequency Identification,Cooney E.M.,272.00,,,Cengage Learning,,1056940.0,M-156/L075,4.0,14.0
2763.0,AFID + The Complete Review of Radio Frequency Identification,Cooney E.M.,272.00,,,Cengage Learning,,1056941.0,M-156/L076,4.0,15.0
2764.0,AFID + The Complete Review of Radio Frequency Identification,Cooney E.M.,272.00,,,Cengage Learning,,1056939.0,M-156/L077,4.0,16.0
2765.0,ROI of Software Process Improvement,RICO D.F.,295.00,,,Cengage Learning,,1056942.0,M-156/L078,4.0,17.0
2766.0,ROI of Software Process Improvement,RICO D.F.,295.00,,,Cengage Learning,,1056943.0,M-156/L079,4.0,18.0
2767.0,ROI of Software Process Improvement,RICO D.F.,295.00,,,Cengage Learning,,1056944.0,M-156/L080,4.0,19.0
2768.0,Software Engineering,Salen K.A.,225.00,,,Cengage Learning,,1056945.0,M-156/L081,4.0,20.0
2769.0,Software Engineering,Salen K.A.,225.00,,,Cengage Learning,,1056946.0,M-156/L082,4.0,21.0
2771.0,Software Quality,Gillies A.C.,245.00,,,Thomason,,1056950.0,M-156/L073,4.0,22.0
2772.0,Software Quality,Gillies A.C.,245.00,,,Thomason,,1056948.0,M-156/L074,4.0,23.0
2773.0,Software Quality,Gillies A.C.,245.00,,,Thomason,,1056949.0,M-156/L075,4.0,24.0
2774.0,Software Quality Producing Practical consistent Software,Menacne M.,295.00,,,Cengage Learning,,1056951.0,M-156/L076,4.0,25.0
2775.0,Software Quality Producing Practical consistent Software,Menacne M.,295.00,,,Cengage Learning,,1056952.0,M-156/L077,4.0,26.0
2776.0,Software Quality Producing Practical consistent Software,Menacne M.,295.00,,,Cengage Learning,,1056953.0,M-156/L078,4.0,27.0
2777.0,Solving Problem in Scientific Computing using Matlab 4ed.,Gander W.,690.00,,,Springer,CL,1056954.0,M-156/L079,4.0,28.0
2778.0,System Analysis & Design Methods,Shelly,395.00,,,Cengage Learning,,1056955.0,M-156/L080,4.0,29.0
2779.0,System Analysis & Design Methods,Shelly,395.00,,,Cengage Learning,,1056957.0,M-156/L081,4.0,30.0
2780.0,System Analysis & Design Methods,Shelly,395.00,,,Cengage Learning,,1056956.0,M-156/L082,4.0,31.0
2781.0,The Complete Guide to Linux System Adm.,Wells N,699.00,,,Cengage Learning,,1056960.0,M-156/L083,4.0,32.0
2782.0,The Complete Guide to Linux System Adm.,Wells N,699.00,,,Cengage Learning,,1056959.0,M-156/L084,4.0,33.0
2783.0,The Complete Guide to Linux System Adm.,Wells N,699.00,,,Cengage Learning,,1056958.0,M-156/L085,4.0,34.0
2784.0,Theory of Computation,Sipser,255.00,,,Cengage Learning,,1056961.0,DCSE/E/98/5,4.0,13.0
2785.0,Theory of Computation,Sipser,255.00,,,Cengage Learning,,1056962.0,CS/08-09/286/7,4.0,17.0
2786.0,Theory of Computation,Sipser,255.00,,,Cengage Learning,,1056961.0,M-146,1.0,1.0
2787.0,Unix & Shell Programming a Textbook,Forouzan,450.00,,,Cengage Learning,ISSUED (VKS),1056966.0,M-146,1.0,2.0
2788.0,Unix & Shell Programming a Textbook,Forouzan,450.00,,,Cengage Learning,,1056965.0,M-146,1.0,3.0
2789.0,Unix & Shell Programming a Textbook,Forouzan,450.00,,,Cengage Learning,,1056964.0,M-146,1.0,4.0
2790.0,Combinatorics of Genome Rearrangment,Fertin G.,1932.00,,,The Mitt,,1064700.0,M-146,1.0,5.0
2791.0,Bewulf Cluster Computing with Linux 2ed.,Gropp W.,2173.50,,,The Mitt,,1064701.0,M-146,1.0,6.0
2792.0,Computability & Complexity form a Programming Prospective,Jones N.D.,3622.00,,,The Mitt,,1064702.0,M-146,1.0,7.0
2793.0,Immunological Bioinformatics,Lund O.,2559.90,,,The Mitt,,1064703.0,M-146,1.0,8.0
2794.0,The Processes of Life,Hunter L.E.,1932.00,,,The Mitt,,1064704.0,M-146,1.0,9.0
2795.0,Advanced in Distributed & Parallel,Kargupta H.,2656.00,,,AAAI PRE,,1064705.0,M-146,1.0,10.0
2796.0,Prospective Inconcorrency Theory,Lodaya K.,550.00,,,Universities Press,,1064706.0,M-146,1.0,11.0
2797.0,Distributed System An Algorithmic Approach,Ghosh S.,525.00,,,CHAPMAN,,1064707.0,M-146,1.0,12.0
2798.0,Distributed Sensor  Network,Iyengar S.S.,8910.00,,,CHAPMAN,ISSUED (SKB),1064708.0,M-146,1.0,13.0
2799.0,Parallel Algorithm,Casanova H/C,5203.20,,,CRC Press,,1064709.0,M-146,1.0,14.0
2800.0,Parallel Iterative Algorithmic,Bahl J.M.,4805.20,,,CHAPMAN,,1064710.0,M-146,1.0,15.0
2801.0,Agent Based Models,Gilbert N.,866.99,,,Sage Publi.,,1064797.0,M-146,1.0,16.0
2802.0,Introduction to Multiagent Systems,Michael W.,2898.00,,,Star Edu.,,1083946.0,M-146,2.0,29.0
2802.0,Introduction to Multiagent Systems,Michael W.,2898.00,,,Star Edu.,,1064805.0,DCSE/E/98/5,4.0,8.0
2803.0,Complex  Adaptive Systems,Miller J.H.,1440.50,,,Prince to,,1064799.0,M-146,1.0,17.0
2804.0,Computational Intelligence : An Introduction 2 ed.,Piea,5313.00,,,Star Edu.,,1064800.0,DCSE/E/98/5,4.0,20.0
2805.0,Generative Social Science,Epstein J.M.,2898.00,,,Prince to,ISSUED (VKS),1064801.0,M-146,1.0,18.0
2806.0,Introduction to Information Retrieval,Manning C.D.,2946.30,,,Cambrid,,1064802.0,DCSE/19/5,2.0,23.0
2807.0,Managing Business Complexity,North M.J.,4588.00,,,Oxford U,,1064803.0,M-146,1.0,19.0
2808.0,Models & Methods in Social Network Analysis,Carrington P.,1738.32,,,Cambrid,ISSUED (VKS),1064804.0,M-146,1.0,20.0
2809.0,Multiagent System,Weiss G.,2656.00,,,The Mitt,,1064798.0,M-146,1.0,21.0
2810.0,Social Emergemce,Sawyer R.K.,995.00,,,Cambrid,ISSUED (VKS),1064806.0,M-146,1.0,22.0
2811.0,Social Network Analysis Methods & Applications,Wasserman S.,2366.70,,,Cambrid,,1064807.0,M-146,1.0,27.0
2812.0,Web Data Mining Exploring Hyperlink Content & usuage Data,Liu B.,3596.90,,,Springer,ISSUED (MG),1064808.0,M-146,1.0,23.0
2813.0,Understanding Pointers in C,Kanetkar,225.00,,,BPB,,1056787.0,M-146,1.0,24.0
2814.0,Software Engineering A Practitioner's Approach,Rogers,531.00,,,Mc Graw Hill,ISSUED (SHAILENDRA-RGSC),1056789.0,M-146,1.0,25.0
2815.0,Software Engineering A Practitioner's Approach,Rogers,531.00,,,Mc Graw Hill,,1056788.0,M-146,1.0,26.0
2817.0,Database System Concepts,Silberschatz,483.00,,,Mc Graw Hill,,1056792.0,M-146,1.0,28.0
2818.0,Database System Concepts,Silberschatz,483.00,,,Mc Graw Hill,,1056791.0,DCSE/E/98/5,3.0,22.0
2819.0,Database System Concepts,Silberschatz,483.00,,,Mc Graw Hill,,1056790.0,DCSE/E/98/5,3.0,5.0
2821.0,An Integrated Approach to Software Engineering,Jalote,315.00,,,Narosa,ISSUED (DRN),1056799.0,DCSE/19/5,2.0,13.0
2823.0,An Integrated Approach to Software Engineering,Jalote,315.00,,,Narosa,,1056796.0,DCSE/19/5,2.0,10.0
2825.0,An Integrated Approach to Software Engineering,Jalote,315.00,,,Narosa,,1056798.0,DCSE/E/98/5,3.0,2.0
2826.0,"Introduction to Automata Theory, Language & Computation",Hopcraft,415.00,,,Pearson Education,,1056800.0,M-146,1.0,29.0
2827.0,"Introduction to Automata Theory, Language & Computation",Hopcraft,415.00,,,Pearson Education,,1056801.0,M-146,1.0,30.0
2829.0,Digital Computer Fundamentals,Thomas C. Barkee,375.00,,,TMH,,1056803.0,M-146,1.0,31.0
2830.0,Digital Computer Fundamentals,Thomas C. Barkee,375.00,,,TMH,,1056804.0,M-146,2.0,1.0
2831.0,Digital Computer Fundamentals,Thomas C. Barkee,375.00,,,TMH,,1056805.0,M-146,2.0,2.0
2832.0,Programming in C#,E.  Balaguruswamy,295.00,,,Mc Graw Hill,,1056806.0,M-146,2.0,3.0
2833.0,Programming in C#,E.  Balaguruswamy,295.00,,,Mc Graw Hill,,1056807.0,M-146,2.0,4.0
2834.0,Programming in C#,E.  Balaguruswamy,295.00,,,Mc Graw Hill,,1056808.0,M-146,2.0,5.0
2835.0,Computer Networks,Tanenbaum,375.00,,,Pearson Education,,1056809.0,M-146,2.0,6.0
2836.0,Computer Networks,Tanenbaum,375.00,,,Pearson Education,,1056810.0,M-146,2.0,7.0
2837.0,Computer Networks,Tanenbaum,375.00,,,Pearson Education,,1056813.0,DCSE/E/98/5,3.0,9.0
2838.0,Computer Networks,Tanenbaum,375.00,,,Pearson Education,,1056812.0,DCSE/E/98/5,3.0,8.0
2839.0,Computer Networks,Tanenbaum,375.00,,,Pearson Education,,1056811.0,DCSE/19/5,4.0,12.0
2841.0,OOP with C++,E.  Balaguruswamy,265.00,,,Mc Graw Hill,,1056815.0,CS/08-09/286/7,2.0,25.0
2842.0,Programming with Java A Primer,E.  Balaguruswamy,270.00,,,Mc Graw Hill,,1056820.0,M-146,2.0,9.0
2843.0,Programming with Java A Primer,E.  Balaguruswamy,270.00,,,Mc Graw Hill,,1056817.0,M-146,2.0,10.0
2845.0,Programming with Java A Primer,E.  Balaguruswamy,270.00,,,Mc Graw Hill,,1056819.0,M-146,2.0,11.0
2846.0,Programming with Java A Primer,E.  Balaguruswamy,270.00,,,Mc Graw Hill,,1056816.0,M-146,2.0,12.0
2847.0,Compilers,"Aho, Ullman",565.00,,,Pearson Education,,1056821.0,DCSE/E/98/5,4.0,12.0
2849.0,Compilers,"Aho, Ullman",565.00,,,Pearson Education,,2849.0,DCSE/E/98/5,4.0,11.0
2850.0,Compilers,"Aho, Ullman",565.00,,,Pearson Education,,1056823.0,CS/08-09/286/7,5.0,1.0
2851.0,Computer Architecture & Organisation,Hayes,458.80,,,Mc Graw Hill,,1056828.0,M-146,2.0,13.0
2852.0,Computer Architecture & Organisation,Hayes,458.80,,,Mc Graw Hill,,1056825.0,M-146,2.0,14.0
2853.0,Computer Architecture & Organisation,Hayes,458.80,,,Mc Graw Hill,,1056826.0,M-146,2.0,15.0
2855.0,Computer Architecture & Organisation,Hayes,458.80,,,Mc Graw Hill,ISSUED (DRN),1056829.0,M-146,2.0,16.0
2856.0,Digital Computer Fundamentals,Thomas C. Bartee,375.00,,,Mc Graw Hill,,1056747.0,M-146,2.0,17.0
2857.0,Digital Computer Fundamentals,Thomas C. Bartee,375.00,,,Mc Graw Hill,,1056746.0,M-146,2.0,18.0
2858.0,Object Oriented Analysis & Design ,Grady Brooch,565.00,,,Pearson Education,,1056748.0,M-146,3.0,1.0
2859.0,Object Oriented Analysis & Design ,Grady Brooch,565.00,,,Pearson Education,,1056749.0,M-146,3.0,2.0
2860.0,Introduction to Distributed Algorithms,Gerard Tel.,699.00,,,,,1056744.0,M-146,3.0,3.0
2861.0,The C++ Programming Lang.,Bjarne Stroustup,699.00,,,Pearson Education,,1105766.0,DCSE/19/5,4.0,4.0
2861.0,The C++ Programming Lang.,Bjarne Stroustup,699.00,,,Pearson Education,,1056750.0,M-146,2.0,19.0
2862.0,The C++ Programming Lang.,Bjarne Stroustup,425.00,,,Pearson Education,,1105765.0,DCSE/19/5,4.0,5.0
2862.0,The C++ Programming Lang.,Bjarne Stroustup,425.00,,,Pearson Education,,1056751.0,M-146,2.0,20.0
2863.0,An Unofficial Guide to Ethical Hacking,Ankit Fadia,275.00,,,Mc Millan,,1056742.0,M-146,3.0,4.0
2864.0,Fundamental of Software Engg.,Carlo Ghezzi,495.00,,,PHI Learning,,851568.0,CS/E/99-3,1.0,7.0
2864.0,Fundamental of Software Engg.,Carlo Ghezzi,495.00,,,PHI Learning,,1056745.0,M-146,3.0,5.0
2866.0,An Introduction to Database System,Date,585.00,,,Pearson Education,,1056743.0,M-146,3.0,6.0
2867.0,Object Oriented Analysis & Design with Application,Booch,,,,Pearson Education,,1056740.0,M-146,3.0,7.0
2868.0,The C++ Programming Lang.,Stroupstrup,596.00,,,Pearson Education,,1056741.0,M-146,2.0,21.0
2869.0,Introduction to Distributed Algorithms,Tel,3124.38,,,Cambride,ISSUED (SHAILENDRA-RGSC),1056752.0,M-146,3.0,8.0
2870.0,Complex  &Adaptive Dynamical System,Gros C.,1461.17,,,Springer,ISSUED (VKS),1060402.0,M-146,3.0,9.0
2871.0,Multiagent System Intensions know how & Communications ,Singh M.P.,7502.88,,,Springer,ISSUED (VKS),1060403.0,M-146,3.0,10.0
2872.0,High Performance Data Mining Scaling Algorithm Applications & System,Guo Y.,3437.13,,,Kluwer,CL,1060404.0,M-146,3.0,11.0
2873.0,Large Scale Parallel Data Mining,Zaki M.J.,4107.43,,,Springer,,1060405.0,M-146,3.0,12.0
2874.0,Fundamental of Grid Computing,Magoules F.,342.00,,,CRC Press,ISSUED (SKB),1057337.0,M-146,3.0,13.0
2875.0,Computer Communications,Gallo M.A.,292.50,,,Cengage,,1057330.0,M-146,2.0,22.0
2876.0,Computer Security,Basta A.,355.50,,,Cengage,,1057331.0,M-146,3.0,14.0
2877.0,Guide to Operating System Security,Palmer M.,292.50,,,Cengage,,1057332.0,M-146,2.0,23.0
2878.0,Object Oriented Programming in C++,Farrell,292.50,,,Cengage,,1057333.0,M-146,3.0,15.0
2879.0,Software Security Theory,Sinn R.,112.50,,,Cengage,,1057334.0,M-146,3.0,16.0
2880.0,Programming & Practice Virtual Machine,Simpson,269.10,,,Cengage,,1057335.0,M-146,3.0,17.0
2881.0,Web Programming,Thompson,549.00,,,Cengage,,1057336.0,M-146,3.0,18.0
2882.0,Information Systems Security,Godbole,549.00,,,Wiley,,1083933.0,M-146,2.0,24.0
2883.0,Information Systems Security,Godbole,399.00,,,Wiley,,1083932.0,M-146,2.0,25.0
2884.0,ASP.NET 3.5,Kogent,399.00,,,Dreamtech Press,,1083934.0,M-146,3.0,19.0
2886.0,Professional Java Server Prog.,Allamaraju,675.00,,,Wrox Press,,1083936.0,M-146,3.0,20.0
2887.0,Professional Java Server Prog.,Allamaraju,599.00,,,Wrox Press,,1083935.0,M-146,3.0,21.0
2888.0,Java Server Prog. Java EE5,Kogent,599.00,,,Dreamtech Press,,1083437.0,M-146,3.0,22.0
2890.0,Data Mining Techniques,Berry Linoff,379.00,,,Wiley India,,1083938.0,M-146,2.0,26.0
2891.0,Data Mining Techniques,Berry Linoff,299.00,,,Wiley India,,1083939.0,M-146,2.0,27.0
2892.0,Unix  Programming the first Drive,Saurabh,299.00,,,Wiley India,,1083941.0,M-146,3.0,23.0
2893.0,Unix  Programming the first Drive,Saurabh,549.00,,,Wiley India,,1083940.0,M-146,3.0,24.0
2894.0,Adobe Dreamweaver CS4 Bible,Joseph Lowery,549.00,,,Wiley India,,1083943.0,M-146,3.0,25.0
2895.0,Adobe Dreamweaver CS4 Bible,Joseph Lowery,499.00,,,Wiley India,,1083942.0,M-146,3.0,26.0
2896.0,ASP.NET AJAK in Action,Gallo,499.00,,,Dreamtech Press,,1083944.0,M-146,3.0,27.0
2897.0,ASP.NET AJAK in Action,Gallo,449.00,,,Dreamtech Press,,1083945.0,M-146,2.0,8.0
2898.0,"HTML, XHTML & CSS",SCHAFER,449.00,,,Wiley India,,1083146.0,M-146,2.0,29.0
2899.0,"HTML, XHTML & CSS",SCHAFER,499.00,,,Wiley India,,1083947.0,M-146,4.0,1.0
2900.0,Pattern Classification,"Deeda, Hart, Stork",499.00,,,Wiley,,1083948.0,M-146,4.0,2.0
2901.0,Pattern Classification,"Deeda, Hart, Stork",299.00,,,Wiley,,1083949.0,M-146,4.0,3.0
2902.0,Code Leader,Patrick Caeeldwell,299.00,,,Wiley India,,1083951.0,M-146,4.0,4.0
2903.0,Code Leader,Patrick Caeeldwell,399.00,,,Wiley India,,1083950.0,M-146,4.0,5.0
2904.0,Computer Architecture & Organisation,Heuring,399.00,,,Wiley India,,1083953.0,M-146,4.0,6.0
2905.0,Computer Architecture & Organisation,Heuring,449.00,,,Wiley India,,1083952.0,M-146,4.0,7.0
2906.0,CMOS,Jacob Baker,449.00,,,Wiley India,,1083954.0,M-146,4.0,8.0
2907.0,CMOS,Jacob Baker,459.00,,,Wiley India,,1083955.0,M-146,4.0,9.0
2908.0,Software Engineering : An Engg. Approach,Peter's,459.00,,,Wiley India,,1083957.0,M-146,4.0,10.0
2909.0,Software Engineering : An Engg. Approach,Peter's,379.00,,,Wiley India,,1083956.0,M-146,4.0,11.0
2910.0,Algorithm Design,Goodrich,379.00,,,Wiley India,,1083959.0,M-146,4.0,12.0
2911.0,Algorithm Design,Goodrich,329.00,,,Wiley India,,1083958.0,M-146,4.0,13.0
2912.0,Pattern Oriented Software Architecture,Buschmann,329.00,,,Wiley India,,1083960.0,M-146,4.0,14.0
2913.0,Pattern Oriented Software Architecture,Buschmann,299.00,,,Wiley India,,1083961.0,M-146,4.0,15.0
2914.0,Embedded System Design,"Vahid, Givargis",299.00,,,Wiley India,,1083962.0,M-146,4.0,16.0
2915.0,Embedded System Design,"Vahid, Givargis",319.00,,,Wiley India,,1083963.0,M-146,4.0,17.0
2916.0,Dataware Housing Fundamentals,Ponniah,319.00,,,Wiley India,,1083964.0,M-146,4.0,18.0
2918.0,Storage Network Explained,Troppen,319.00,,,Wiley India,,1083966.0,M-146,4.0,19.0
2919.0,Storage Network Explained,Troppen,399.00,,,Wiley India,,1083967.0,M-146,4.0,20.0
2920.0,An Introduction to Object Oriented Analysis,Brown David,399.00,,,Wiley India,,1083968.0,M-146,4.0,21.0
2921.0,An Introduction to Object Oriented Analysis,Brown David,399.00,,,Wiley India,,1083969.0,M-146,4.0,22.0
2922.0,Big Java,Cay Horstmann,399.00,,,Wiley India,,1083971.0,M-146,4.0,23.0
2923.0,Big Java,Cay Horstmann,519.00,,,Wiley India,,1083970.0,M-146,4.0,24.0
2924.0,Error Correction Coding,Todd K. Moon,519.00,,,Wiley India,,1083973.0,M-146,4.0,25.0
2925.0,Error Correction Coding,Todd K. Moon,459.00,,,Wiley India,,1083972.0,M-146,4.0,26.0
2927.0,Applied Cryptography,Bruice Schneir,399.00,,,Wiley India,,1083974.0,M-146,4.0,27.0
2929.0,Web Programming,Chris Bates,279.00,,,Wiley India,,1083976.0,M-146,3.0,30.0
2930.0,Data Mining Methods & Models,Larose,279.00,,,Wiley India,,1083979.0,M-146,3.0,29.0
2931.0,Data Mining Methods & Models,Larose,449.00,,,Wiley India,,1083978.0,M-146,3.0,28.0
2933.0,Semantic Web Programming,John Hebeler,529.00,,,Wiley India,,1083981.0,DCSE/19/1,1.0,1.0
2934.0,Beginning PHP6,Boronczyk,529.00,,,Wiley India,,1083983.0,DCSE/19/1,1.0,2.0
2935.0,Beginning PHP6,Boronczyk,319.00,,,Wiley India,,1083982.0,DCSE/19/1,1.0,3.0
2936.0,Virtual Reality Tech.,Burdea,319.00,,,Wiley India,,1083984.0,DCSE/19/1,1.0,4.0
2937.0,Virtual Reality Tech.,Burdea,359.00,,,Wiley India,,1083985.0,DCSE/19/1,1.0,5.0
2938.0,Information Technology,Lucas,359.00,,,Wiley India,,1083986.0,DCSE/19/1,1.0,7.0
2939.0,Information Technology,Lucas,399.00,,,Wiley India,,1083987.0,DCSE/19/1,1.0,6.0
2940.0,Principles of Soft Computing,Sivanandam,399.00,,,Wiley India,,1083988.0,DCSE/19/1,1.0,9.0
2941.0,Principles of Soft Computing,Sivanandam,299.00,,,Wiley India,,1083989.0,DCSE/19/1,1.0,8.0
2942.0,SPSS Version 13 for Windows,Jcoaks,299.00,,,Wiley India,,1083990.0,DCSE/19/1,1.0,11.0
2943.0,SPSS Version 13 for Windows,Jcoaks,479.00,,,Wiley India,,1083991.0,DCSE/19/1,1.0,10.0
2944.0,Data Mining for Business Intelligence,Shmueli,479.00,,,Wiley India,,1083993.0,DCSE/19/1,1.0,12.0
2945.0,Data Mining for Business Intelligence,Shmueli,399.00,,,Wiley India,,1083992.0,DCSE/19/1,1.0,13.0
2946.0,Mastering Data Mining,Berry,399.00,,,Wiley India,,1083994.0,DCSE/19/1,1.0,15.0
2947.0,Mastering Data Mining,Berry,359.00,,,Wiley India,,1083995.0,DCSE/19/1,1.0,14.0
2948.0,HB of Wireless Networks & Mobile Computing,Menovic,359.00,,,Wiley India,,1083996.0,DCSE/19/1,1.0,16.0
2950.0,Programming Lang. Concept.,Ghezzi,299.00,,,Wiley India,,1083998.0,DCSE/19/1,1.0,18.0
2951.0,Programming Lang. Concept.,Ghezzi,379.00,,,Wiley India,,1083999.0,DCSE/19/1,1.0,17.0
2952.0,Speech Recognition Theory & C++ Implementation,Becchetti,379.00,,,Wiley India,,1084001.0,DCSE/19/1,1.0,21.0
2953.0,Speech Recognition Theory & C++ Implementation,Becchetti,379.00,,,Wiley India,,1084000.0,DCSE/19/1,1.0,22.0
2954.0,Elements of Information Theory,Cover,379.00,,,Wiley India,,1084003.0,DCSE/19/1,1.0,19.0
2955.0,Elements of Information Theory,Cover,499.00,,,Wiley India,,1084002.0,DCSE/19/1,1.0,20.0
2957.0,Fundamentals of Digital logic & Mocrocomputer Design,Raffi Quzzaman,319.00,,,Wiley India,,1084005.0,DCSE/19/1,1.0,23.0
2958.0,Software Quality Engg.,Jeff Tian,319.00,,,Wiley India,,1084006.0,DCSE/19/1,1.0,28.0
2959.0,Software Quality Engg.,Jeff Tian,319.00,,,Wiley India,,1084007.0,DCSE/19/1,1.0,29.0
2960.0,Object Oriented Design & Pattern,Horstman,319.00,,,Wiley India,,1084008.0,DCSE/19/1,1.0,24.0
2961.0,Object Oriented Design & Pattern,Horstman,299.00,,,Wiley India,,1084009.0,DCSE/19/1,1.0,25.0
2962.0,Component based Technology,Sudha Sadasivam,299.00,,,Wiley India,,1084011.0,DCSE/19/1,1.0,26.0
2963.0,Component based Technology,Sudha Sadasivam,279.00,,,Wiley India,,1084010.0,DCSE/19/1,1.0,27.0
2964.0,Wireless Networking,Nicopolutidis,279.00,,,Wiley India,,1084012.0,DCSE/E/98/5,4.0,15.0
2965.0,Wireless Networking,Nicopolutidis,549.00,,,Wiley India,,1084013.0,DCSE/19/1,1.0,30.0
2966.0,Effective Project Management,Wysocki,549.00,,,Wiley India,,1084015.0,DCSE/19/1,1.0,32.0
2967.0,Effective Project Management,Wysocki,299.00,,,Wiley India,,1084014.0,DCSE/19/1,1.0,31.0
2968.0,Distributed Component Architecture,Sadasivam,299.00,,,Wiley India,,1084016.0,DCSE/19/1,1.0,33.0
2969.0,Distributed Component Architecture,Sadasivam,395.00,,,Wiley India,,1084017.0,DCSE/19/1,1.0,34.0
2970.0,Management Information Systems,Javadekar,395.00,,,Mc Graw Hill,,1084019.0,DCSE/19/1,1.0,35.0
2971.0,Management Information Systems,Javadekar,499.00,,,Mc Graw Hill,,1084018.0,DCSE/19/1,2.0,1.0
2972.0,Hibernate search in Action,Griffin,499.00,,,Dreamtech Press,,1084020.0,DCSE/19/1,2.0,2.0
2973.0,Hibernate search in Action,Griffin,449.00,,,Dreamtech Press,,1084021.0,DCSE/19/1,2.0,3.0
2974.0,The Architecture of Computer H/W & System S/W,Irvenglander,449.00,,,Wiley India,,1084023.0,DCSE/19/1,2.0,4.0
2975.0,The Architecture of Computer H/W & System S/W,Irvenglander,499.00,,,Wiley India,,1084022.0,DCSE/19/1,2.0,5.0
2976.0,SQL Server 2005,Dalton,499.00,,,Dreamtech Press,,1084024.0,DCSE/19/1,2.0,7.0
2977.0,SQL Server 2006,Dalton,429.00,,,Dreamtech Press,,1084025.0,DCSE/19/1,2.0,6.0
2978.0,UML 2 Toolkit,Erikson,429.00,,,Wiley India,,1084027.0,DCSE/19/1,2.0,8.0
2979.0,UML 2 Toolkit,Erikson,299.00,,,Wiley India,,1084026.0,DCSE/19/1,2.0,9.0
2980.0,Multimedia & Web Design,Gupta,299.00,,,Dreamtech Press,,1084029.0,DCSE/19/1,2.0,10.0
2981.0,Multimedia & Web Design,Gupta,299.00,,,Dreamtech Press,,1084028.0,DCSE/19/1,2.0,11.0
2982.0,Object Oriented Analysis Design,Docherty,329.00,,,Wiley India,,1084031.0,DCSE/19/1,2.0,12.0
2983.0,Object Oriented Analysis Design,Docherty,329.00,,,Wiley India,,1084030.0,DCSE/19/1,2.0,13.0
2984.0,Parallel & Distributed Prog. Using C++,Hughes,375.00,,,Pearson Education,,1084032.0,DCSE/19/1,2.0,14.0
2986.0,E - Transformation in Governance,Malkia,, $ 64.95 ,,Idea Group,,1084033.0,DCSE/19/1,2.0,15.0
2987.0,E - Transformation in Governance,Malkia,2298.00,,,Idea Group,,1084034.0,DCSE/19/1,2.0,16.0
2988.0,Social Network Analysis ,Wasserman Faust,1688.00,,,Cambride,,1088767.0,DCSE/19/1,2.0,17.0
2989.0,Models & Methods in Social Network Analysis,"Carrington ,Wasserman",2860.00,,,Cambride,,1088768.0,DCSE/19/1,2.0,18.0
2990.0,Introduction to Information Retrieval,Manning C.D.,3307.50,,,Cambride,,1088769.0,DCSE/19/5,2.0,17.0
2992.0,The Complete Reference-JAVA,Schildt,496.00,,,Tata MCG,,1090306.0,DCSE/19/1,2.0,19.0
2993.0,The Complete Reference-JAVA,Schildt,496.00,,,Tata MCG,,1090303.0,DCSE/19/1,2.0,20.0
2994.0,The Complete Reference-JAVA,Schildt,497.00,,,Tata MCG,,1090305.0,DCSE/19/1,2.0,21.0
2995.0,The Complete Reference-JAVA,Schildt,425.00,,,Tata MCG,,1090304.0,DCSE/19/1,2.0,22.0
2996.0,Computer Networks,Tanenbaum,426.00,,,Pearson Education,,1090274.0,DCSE/19/1,2.0,23.0
2997.0,Computer Networks,Tanenbaum,427.00,,,Pearson Education,,1090272.0,DCSE/19/1,2.0,24.0
2998.0,Computer Networks,Tanenbaum,428.00,,,Pearson Education,,1090275.0,DCSE/19/1,2.0,25.0
2999.0,Computer Networks,Tanenbaum,435.00,,,Pearson Education,,1090273.0,DCSE/19/1,2.0,26.0
3001.0,Data Communications & Networking,Forouzan,435.00,,,Tata MCG,,1090277.0,DCSE/E/98/5,3.0,4.0
3003.0,Data Communications & Networking,Forouzan,435.00,,,Tata MCG,,1090276.0,CS/08-09/286/7,2.0,27.0
3004.0,Discrete Mathematical Structures with Applications to computer Science,"Tremblay,JP",325.00,,,Tata MCG,,1090287.0,DCSE/19/1,3.0,1.0
3005.0,Discrete Mathematical Structures with Applications to computer Science,"Tremblay,JP",325.00,,,Tata MCG,,1090286.0,DCSE/19/1,3.0,2.0
3006.0,Discrete Mathematical Structures with Applications to computer Science,"Tremblay,JP",325.00,,,Tata MCG,,1090289.0,DCSE/19/1,3.0,3.0
3006.0,Discrete Mathematical Structures with Applications to computer Science,"Tremblay,JP",325.00,,,Tata MCG,,1113509.0,CS/08-09/286/7,2.0,8.0
3013.0,Discrete Mathematical Structures with Applications to computer Science,"Tremblay,JP",325.00,,,Tata MCG,,1090283.0,DCSE/19/5,2.0,11.0
3015.0,Operating System Concepts,Silberchat,479.00,,,Wiley India,,1090294.0,DCSE/19/5,2.0,27.0
3018.0,Operating System Concepts,Silberchat,479.00,,,Wiley India,,1090296.0,DCSE/19/1,3.0,4.0
3019.0,Operating System Concepts,Silberchat,479.00,,,Wiley India,,1090295.0,DCSE/19/1,3.0,5.0
3020.0,Operating System Concepts,Silberchat,479.00,,,Wiley India,,1090291.0,DCSE/19/1,3.0,6.0
3021.0,Operating System Concepts,Silberchat,479.00,,,Wiley India,,1090292.0,DCSE/19/1,3.0,7.0
3022.0,The Complete Reference C++,Schildt,510.00,,,Tata MCG,,1090300.0,DCSE/19/1,3.0,8.0
3023.0,The Complete Reference C++,Schildt,510.00,,,Tata MCG,,1090302.0,DCSE/19/1,3.0,9.0
3024.0,The Complete Reference C++,Schildt,510.00,,,Tata MCG,,1090301.0,DCSE/19/1,3.0,10.0
3025.0,The Complete Reference C++,Schildt,510.00,,,Tata MCG,,1090299.0,DCSE/19/1,4.0,1.0
3026.0,The Complete Reference C++,Schildt,510.00,,,Tata MCG,,1090298.0,DCSE/19/1,4.0,2.0
3027.0,Programming with Perl,"Flynt,J.P",295.00,,,Cengage Learning,,1090261.0,DCSE/19/1,4.0,3.0
3028.0,Programming with Perl,"Flynt,J.P",295.00,,,Cengage Learning,,1090260.0,DCSE/19/1,4.0,4.0
3029.0,Operating Systems,"Stuart,L.B",375.00,,,Cengage Learning,,1090256.0,DCSE/19/1,4.0,5.0
3030.0,Operating Systems,"Stuart,L.B",375.00,,,Cengage Learning,,1090257.0,DCSE/19/1,4.0,6.0
3031.0,Parallel Operating Systems,Carswell.R,350.00,,,Cengage Learning,,1090259.0,DCSE/19/1,4.0,7.0
3032.0,Parallel Operating Systems,Carswell.R,350.00,,,Cengage Learning,,1090258.0,DCSE/19/1,4.0,8.0
3033.0,Foundation of SoftwareTesting,Graham.D,275.00,,,Cengage Learning,CL,1090255.0,DCSE/19/1,4.0,9.0
3034.0,Firewalls & Network Security,Whitman,350.00,,,Cengage Learning,,1090254.0,DCSE/19/1,4.0,10.0
3035.0,Firewalls & Network Security,Whitman,350.00,,,Cengage Learning,,1090253.0,DCSE/19/1,4.0,11.0
3036.0,Applied Simulation Modeling,Seila C.T,395.00,,,Cengage Learning,,1090252.0,DCSE/19/1,4.0,12.0
3037.0,Applied Simulation Modeling,Seila C.T,395.00,,,Cengage Learning,,1090251.0,DCSE/19/1,4.0,13.0
3039.0,Programming with Python,Dawson.M,375.00,,,Cengage Learning,,1090262.0,DCSE/19/1,4.0,14.0
3040.0,Intelligent Data Mining,Ruan D.A,895.00,,,Springer,CL,1094736.0,DCSE/19/1,4.0,15.0
3041.0,Simulation,Ross.S.M,325.00,,,Elsevier,,1094741.0,DCSE/19/1,4.0,16.0
3043.0,Programming in Prolog,Clocksin.W,265.00,,,Springer,,1094740.0,DCSE/19/1,4.0,17.0
3044.0,Applications of Data Mining in Computer Security,Barbara.D,295.00,,,Springer,,1094728.0,DCSE/19/1,4.0,23.0
3045.0,Soft Computing & Intelligent Systems,Sinha.N.K,595.00,,,Elsevier,,1094743.0,DCSE/19/1,4.0,18.0
3046.0,Smart phone & Next Generation Mobile Computing,Zheng.P.,425.00,,,Elsevier,,1113390.0,CS/08-09/286/7,4.0,14.0
3046.0,Smart phone & Next Generation Mobile Computing,Zheng.P.,425.00,,,Elsevier,,1094742.0,DCSE/19/1,4.0,19.0
3047.0,Mining the Web,Chakraborti.S,350.00,,,Elsevier,ISSUED (MG),1094737.0,DCSE/19/1,4.0,20.0
3048.0,An Introduction to Numerical Method in C++,Flowers.B.H,375.00,,,Oxford University Press,,1094727.0,DCSE/19/1,4.0,21.0
3049.0,Computational Intelligence : A Logical Approach,Poole.D.,385.00,,,Oxford University Press,,1094731.0,DCSE/E/98/5,4.0,14.0
3050.0,Software Engineering Fundamentals,Behforooz,360.00,,,Oxford University Press,,1094744.0,DCSE/19/1,4.0,22.0
3051.0,Natural Language Processing & Information Retrieval,Siddiqui.S,295.00,,,Oxford ,,1094739.0,DCSE/19/1,4.0,24.0
3052.0,Engineering A Compiler,Cooper.K.D.,450.00,,,Elsevier,,1094734.0,DCSE/19/1,4.0,25.0
3053.0,Mobile Computing,Kamal.R.,350.00,,,Oxford University Press,,1094738.0,DCSE/19/1,4.0,26.0
3054.0,Digital Signal Processing: A Practical Guide for Engineers & Scientists,Smith.S.W.,450.00,,,Elsevier,,1094733.0,DCSE/19/1,4.0,29.0
3055.0,Computer Organisation & Design,Patterson.D,495.00,,,Elsevier,,1094732.0,DCSE/19/1,4.0,28.0
3056.0,Artificial Intelligence & Intelligent Systems,Padhy.N.P,295.00,,,Oxford University Press,,1094729.0,DCSE/19/1,4.0,27.0
3057.0,Evolutionary Algorhithms for solving multi-objective Problems,Coello.C.A.,1295.00,,,Springer,,1094735.0,DCSE/19/1,4.0,30.0
3058.0,Biomedical Informatics,Shortliffe.E.H.,1500.00,,,Springer,,1094730.0,DCSE/19/1,4.0,31.0
3059.0,Computer System Architecture,M.Morris Mano,350.00,,,Pearson ,,1113428.0,DCSE/19/1,4.0,32.0
3060.0,Computer System Architecture,M.Morris Mano,350.00,,,Pearson ,,1113427.0,DCSE/19/1,4.0,33.0
3061.0,Computer System Architecture,M.Morris Mano,350.00,,,Pearson ,,1113426.0,DCSE/19/1,4.0,34.0
3062.0,Computer System Architecture,M.Morris Mano,350.00,,,Pearson ,,1113432.0,CS/08-09/286/7,2.0,1.0
3063.0,Computer System Architecture,M.Morris Mano,350.00,,,Pearson ,,1113431.0,DCSE/19/1,4.0,35.0
3064.0,Computer System Architecture,M.Morris Mano,350.00,,,Pearson ,,1113429.0,DCSE/19/1,4.0,36.0
3065.0,Computer System Architecture,M.Morris Mano,350.00,,,Pearson ,,1113430.0,DCSE/19/1,4.0,37.0
3067.0,Computer System Architecture,M.Morris Mano,350.00,,,Pearson ,,1113435.0,DCSE/19/1,5.0,1.0
3068.0,Computer System Architecture,M.Morris Mano,350.00,,,Pearson ,,1113434.0,DCSE/19/1,5.0,2.0
3069.0,Computer System Architecture,M.Morris Mano,350.00,,,Pearson ,,1113433.0,DCSE/19/1,5.0,3.0
3070.0,Computer System Architecture,M.Morris Mano,350.00,,,Pearson ,,1113438.0,DCSE/19/1,5.0,4.0
3071.0,Computer System Architecture,M.Morris Mano,350.00,,,Pearson ,,1113437.0,DCSE/19/1,5.0,5.0
3073.0,Digital Computer Electronics,"Malvino,Brown",475.00,,,Tata MCG,,1113457.0,DCSE/19/1,5.0,6.0
3074.0,Digital Computer Electronics,"Malvino,Brown",475.00,,,Tata MCG,,1113458.0,DCSE/19/1,5.0,7.0
3075.0,Computer Networks,Tanenbaum,485.00,,,Pearson ,,1113418.0,DCSE/19/1,5.0,8.0
3076.0,Computer Networks,Tanenbaum,485.00,,,Pearson ,,1113421.0,DCSE/19/1,5.0,9.0
3077.0,Computer Networks,Tanenbaum,485.00,,,Pearson ,,1113420.0,DCSE/19/1,5.0,10.0
3078.0,Computer Networks,Tanenbaum,485.00,,,Pearson ,,1113419.0,DCSE/19/1,5.0,11.0
3079.0,Computer Networks,Tanenbaum,485.00,,,Pearson ,,1113422.0,DCSE/19/1,5.0,12.0
3080.0,Computer Organization & Architecture,Stallings,450.00,,,Pearson ,,1113423.0,DCSE/19/1,5.0,13.0
3081.0,Computer Oriented Numerical Methods,Rajaraman,95.00,,,PHI,,1113425.0,DCSE/E/98/5,4.0,7.0
3083.0,Discrete Mathematical Structures with Applications to computer Science,"Tremblay, & Manohar",375.00,,,Tata MCG,,1113469.0,DCSE/19/1,5.0,14.0
3084.0,Discrete Mathematical Structures with Applications to computer Science,"Tremblay, & Manohar",375.00,,,Tata MCG,,1113470.0,DCSE/19/1,5.0,15.0
3085.0,Discrete Mathematical Structures with Applications to computer Science,"Tremblay, & Manohar",375.00,,,Tata MCG,,1113473.0,DCSE/19/1,5.0,16.0
3086.0,Discrete Mathematical Structures with Applications to computer Science,"Tremblay, & Manohar",375.00,,,Tata MCG,,1113472.0,DCSE/19/1,5.0,17.0
3087.0,Discrete Mathematical Structures with Applications to computer Science,"Tremblay, & Manohar",375.00,,,Tata MCG,,1113471.0,DCSE/19/1,5.0,18.0
3089.0,Data Communications & Networking,Forouzan,470.00,,,Tata MCG,,1113451.0,DCSE/19/5,2.0,14.0
3090.0,Data Communications & Networking,Forouzan,470.00,,,Tata MCG,,1113450.0,DCSE/19/1,5.0,19.0
3091.0,Data Communications & Networking,Forouzan,470.00,,,Tata MCG,,1113454.0,DCSE/E/98/5,4.0,6.0
3092.0,Data Communications & Networking,Forouzan,470.00,,,Tata MCG,,1113453.0,DCSE/E/98/5,3.0,15.0
3097.0,An Introduction to Database Systems,"date,Kannan,Swamynathan",575.00,,,Pearson,,1113389.0,DCSE/19/1,5.0,21.0
3098.0,An Introduction to Database Systems,"date,Kannan,Swamynathan",575.00,,,Pearson,,1113393.0,DCSE/19/1,5.0,20.0
3102.0,Intro. To Automata Theory Languages & Computation,"Hopcraft,Motwani,Ullman",465.00,,,Pearson,,1113407.0,DCSE/E/98/5,1.0,15.0
3104.0,Intro. To Automata Theory Languages & Computation,"Hopcraft,Motwani,Ullman",465.00,,,Pearson,,1113405.0,DCSE/E/98/5,1.0,10.0
3105.0,UNIX Network Programming,Stevens,395.00,,,PHI,,1113551.0,DCSE/E/98/5,1.0,8.0
3109.0,Artificial Intelligence ,"Rich,Knight,Nair",435.00,,,Tata MCG,,1113397.0,DCSE/E/98/5,2.0,1.0
3110.0,Artificial Intelligence ,"Rich,Knight,Nair",435.00,,,Tata MCG,,1113396.0,DCSE/19/5,1.0,27.0
3114.0,Artificial Intelligence ,"Rich,Knight,Nair",435.00,,,Tata MCG,,1113400.0,DCSE/19/5,2.0,18.0
3116.0,Artificial Intelligence ,"Rich,Knight,Nair",435.00,,,Tata MCG,,113398.0,DCSE/E/98/5,4.0,19.0
3117.0,Electronic Commerce,Bhasker,435.00,,,Tata MCG,,1113475.0,DCSE/19/5,1.0,22.0
3124.0,Fundamentals of Computer Algorithm,"Horowitz,sahni,Rajshekhran",375.00,,,University Press,,1113480.0,DCSE/E/98/5,1.0,16.0
3130.0,Fundamentals of Database Systems,Elmasri Navathe,525.00,,,Pearson,,1113483.0,DCSE/E/98/5,2.0,2.0
3132.0,Fundamentals of Database Systems,Elmasri Navathe,525.00,,,Pearson,,1113485.0,DCSE/E/98/5,2.0,3.0
3133.0,Fundamentals of Database Systems,Elmasri Navathe,525.00,,,Pearson,,1113484.0,DCSE/E/98/5,4.0,3.0
3135.0,Fundamentals of Database Systems,Elmasri Navathe,525.00,,,Pearson,,1113487.0,DCSE/E/98/5,3.0,19.0
3138.0,Programming with JAVA- A Primer,Balaguruswamy,325.00,,,Tata MCG,,1113530.0,CS/08-09/286/7,2.0,32.0
3142.0,Programming with JAVA- A Primer,Balaguruswamy,325.00,,,Tata MCG,,1113527.0,DCSE/19/5,1.0,17.0
3143.0,Programming with C,Gottfried,399.00,,,Tata MCG,,1103525.0,DCSE/19/5,4.0,22.0
3144.0,Programming with C,Gottfried,399.00,,,Tata MCG,,1103524.0,DCSE/19/5,4.0,23.0
3145.0,Operating Systems Internals & Design Principles,Stallings,525.00,,,Pearson,,1113542.0,DCSE/E/98/5,2.0,19.0
3146.0,Operating Systems Internals & Design Principles,Stallings,525.00,,,Pearson,,1113521.0,DCSE/E/98/5,1.0,14.0
3147.0,Operating Systems Internals & Design Principles,Stallings,525.00,,,Pearson,,1113520.0,DCSE/19/5,1.0,20.0
3148.0,Operating Systems Internals & Design Principles,Stallings,525.00,,,Pearson,,1113523.0,DCSE/E/98/5,2.0,18.0
3150.0,Data & Computer Communication,Stallings,525.00,,,Pearson,,1113440.0,DCSE/ /52,1.0,3.0
3151.0,Data & Computer Communication,Stallings,525.00,,,Pearson,,1113443.0,DCSE/19/5,1.0,23.0
3157.0,Data & Computer Communication,Stallings,525.00,,,Pearson,,1113444.0,DCSE/19/5,1.0,15.0
3158.0,Data & Computer Communication,Stallings,525.00,,,Pearson,,1113448.0,DCSE/E/98/5,2.0,19.0
3166.0,Computer Graphics Principles & Practices in C,"Foley,Dam,Feiner,John",725.00,,,Pearson,,1113417.0,DCSE/E/98/5,1.0,12.0
3168.0,System Analysis & Design,Elias M. Awad,385.00,,,Galgotia,,1113538.0,CS/08-09/286/7,2.0,10.0
3170.0,Compiler Design in C,Holub. A. I,495.00,,,PHI,,1113409.0,DCSE/19/5,1.0,16.0
3171.0,Digital Computer Fundamentals,Bartee,495.00,,,Tata MCG,,1113459.0,CS/08-09/286/7,2.0,9.0
3172.0,Digital Computer Fundamentals,Bartee,495.00,,,Tata MCG,,113460.0,CS/08-09/286/7,2.0,28.0
3173.0,Let us C,Kanetkar. Y,258.00,,,BPB,,3173.0,DCSE/19/5,1.0,24.0
3174.0,Let us C,Kanetkar. Y,258.00,,,BPB,,1113497.0,DCSE/ /52,1.0,2.0
3177.0,Mathmatical Elements for Computer Graphics ,Rogers Adams,440.00,,,Tata MCG,,1113499.0,DCSE/19/5,4.0,24.0
3177.0,Mathmatical Elements for Computer Graphics ,Rogers Adams,440.00,,,Tata MCG,,1113501.0,DCSE/E/98/5,3.0,6.0
3178.0,Mathmatical Elements for Computer Graphics ,Rogers Adams,440.00,,,Tata MCG,,1113498.0,DCSE/19/5,4.0,25.0
3181.0,Operating Systems Concepts,"Silberschatz, Galvin",499.00,,,Wiley,,113517.0,CS/08-09/286/7,2.0,30.0
3182.0,Operating Systems Concepts,"Silberschatz, Galvin",499.00,,,Wiley,,113518.0,CS/08-09/286/7,5.0,6.0
3184.0,Operating Systems Concepts,"Silberschatz, Galvin",499.00,,,Wiley,,1113519.0,CS/08-09/286/7,5.0,5.0
3185.0,Operating Systems Concepts,"Silberschatz, Galvin",499.00,,,Wiley,,1113515.0,DCSE/19/5,1.0,21.0
3186.0,Operating Systems Concepts,"Silberschatz, Galvin",499.00,,,Wiley,,1097711.0,DCSE/19/5,2.0,13.0
3187.0,Operating Systems Concepts,"Silberschatz, Galvin",499.00,,,Wiley,,1113514.0,DCSE/19/5,1.0,18.0
3188.0,Operating Systems Concepts,"Silberschatz, Galvin",499.00,,,Wiley,,1113513.0,CS/08-09/286/7,2.0,29.0
3190.0,Operating Systems Concepts,"Silberschatz, Galvin",499.00,,,Wiley,,1113911.0,DCSE/E/98/5,3.0,16.0
3195.0,Computer Graphics- C Version,"Hearn, Baker",675.00,,,Pearson,,1113415.0,DCSE/ /52,1.0,1.0
3198.0,An Integrated Approach to Software Engineering,Jalote,350.00,,,Narosa,,1113387.0,DCSE/E/98/5,1.0,3.0
3199.0,Advanced Computer Architectures- A design space approach,"Sima, Fountain",655.00,,,Pearson,,1113383.0,DCSE/19/5,4.0,26.0
3200.0,Advanced Computer Architectures- A design space approach,"Sima, Fountain",655.00,,,Pearson,,1113386.0,DCSE/19/5,4.0,27.0
3201.0,Advanced Computer Architectures- A design space approach,"Sima, Fountain",655.00,,,Pearson,,1113385.0,DCSE/E/98/5,1.0,13.0
3203.0,Advanced Computer Architectures- A design space approach,"Sima, Fountain",655.00,,,Pearson,,1113382.0,DCSE/E/98/5,1.0,11.0
3204.0,Object Oriented Programming with C++,Balaguruswamy,299.00,,,Tata MCG,,1113504.0,DCSE/19/5,1.0,25.0
3205.0,Object Oriented Analysis & Design with Application,Booch,635.00,,,Pearson,,1113507.0,DCSE/19/5,1.0,19.0
3213.0,Artificial Intelligence- A Modern Approach,"Russell,Norvig",535.00,,,Pearson,,1113402.0,DCSE/E/98/5,3.0,17.0
3214.0,Artificial Intelligence- A Modern Approach,"Russell,Norvig",535.00,,,Pearson,,1113403.0,DCSE/19/5,1.0,26.0
3215.0,Modern Operating System,Tanenbaum,450.00,,,PHI,,1113505.0,DCSE/E/98/5,1.0,9.0
3217.0,Digital Logic & Computer Design,Mano.M.M,375.00,,,Pearson,,1113467.0,DCSE/ /52,2.0,1.0
3218.0,Digital Logic & Computer Design,Mano.M.M,375.00,,,Pearson,,1113466.0,DCSE/ /52,2.0,2.0
3219.0,Digital Logic & Computer Design,Mano.M.M,375.00,,,Pearson,,1113465.0,DCSE/ /52,2.0,3.0
3221.0,Digital Logic & Computer Design,Mano.M.M,375.00,,,Pearson,,1113463.0,DCSE/ /52,2.0,4.0
3222.0,Digital Logic & Computer Design,Mano.M.M,375.00,,,Pearson,,1113462.0,DCSE/ /52,2.0,6.0
3223.0,Digital Logic & Computer Design,Mano.M.M,375.00,,,Pearson,,1113461.0,DCSE/ /52,2.0,5.0
3224.0,"Micro Computer systems, the 8086/8088 family,Architectures, Programming & design","Liu,Gibson",325.00,,,PHI,,1113503.0,DCSE/ /52,2.0,10.0
3225.0,"Micro Computer systems, the 8086/8088 family,Architectures, Programming & design","Liu,Gibson",325.00,,,PHI,,1113502.0,DCSE/ /52,2.0,11.0
3226.0,Software Engineering-A Practitioners Approach,Pressman,611.00,,,Tata MCG,,1113534.0,DCSE/ /52,2.0,7.0
3227.0,Software Engineering-A Practitioners Approach,Pressman,611.00,,,Tata MCG,,1113533.0,DCSE/ /52,2.0,8.0
3228.0,Software Engineering-A Practitioners Approach,Pressman,611.00,,,Tata MCG,,1113532.0,DCSE/ /52,2.0,9.0
3229.0,Applying UML & Patterns,Larman C.,525.00,,,Pearson,,1097702.0,DCSE/ /52,2.0,12.0
3230.0,Artificial Intelligence :  A Guide to intelligent system,Negnevitsky. M,425.00,,,Pearson,,1097703.0,DCSE/ /52,2.0,13.0
3232.0,"Automata Theory,Language & Computations","Hopcraft,J E",465.00,,,Pearson,,1097705.0,DCSE/ /52,2.0,14.0
3233.0,"Compilers Principles, Techniques & Tools","Aho, AV",625.00,,,Pearson,,1097706.0,DCSE/19/5,2.0,20.0
3234.0,Computer Algorithms Introduction to design & Analysis,"Baase,S",525.00,,,Pearson,,1097707.0,DCSE/ /52,2.0,19.0
3235.0,Computer Graphics with Open GL,Hearn,685.00,,,Pearson,,1097798.0,DCSE/ /52,2.0,15.0
3236.0,Computer Networking with internate protocols & Technology,"Stalling , W",510.00,,,Pearson,,1097709.0,DCSE/ /52,2.0,16.0
3238.0,Computer System Design & Architecture,"Heuring,VP",475.00,,,Pearson,,1097711.0,DCSE/ /52,2.0,18.0
3239.0,Concepts of Programming Languages,"Subesta, RW",540.00,,,Pearson,,1097712.0,DCSE/ /52,2.0,17.0
3242.0,Cryptography & Network Security: Principles & Practices,"Stallings,W",425.00,,,Pearson,,1097715.0,DCSE/E/98/5,4.0,4.0
3243.0,Data & Computer Communications,"Stallings,W",525.00,,,Pearson,,1097716.0,DCSE/ /52,2.0,20.0
3244.0,Data Mining : Introductory & Advanced Topics,"Dunham,MH",375.00,,,Pearson,,1097717.0,DCSE/ /52,2.0,21.0
3245.0,Distributed Systems Concepts & design,Coulouris,615.00,,,Pearson,,1097718.0,DCSE/ /52,2.0,22.0
3246.0,Foundation of Software Testing,"Mathur,A.P",520.00,,,Pearson,,1097719.0,DCSE/ /52,2.0,23.0
3247.0,"Genetic Algorithm in search, optimization & Machine learning","Goldberg,D.E",499.00,,,Pearson,,1097720.0,DCSE/ /52,2.0,25.0
3248.0,Interactive Computer Graphics : A Top Down approach using OpenGL,"Angel,E",599.00,,,Pearson,,1097721.0,DCSE/ /52,2.0,24.0
3249.0,Internate Cryptography,"Smith,R.W",425.00,,,Pearson,,1097722.0,DCSE/ /52,2.0,26.0
3250.0,Introduction to data communication & Networking,"Tomasi,W",599.00,,,Pearson,,1097723.0,DCSE/ /52,3.0,4.0
3251.0,Introduction to Data Mining,"Tan,P.N",525.00,,,Pearson,,1097724.0,DCSE/ /52,3.0,1.0
3252.0,"Introduction to Formal Languages,Automata Theory & Computation","Krithivasan,K",335.00,,,Pearson,,1097725.0,DCSE/ /52,3.0,3.0
3253.0,Mobile Communcation,"Schiller,J",545.00,,,Pearson,,1097726.0,DCSE/ /52,3.0,2.0
3254.0,Network security Essentials applications & standards,"Stallings,W",399.00,,,Pearson,,1097727.0,DCSE/ /52,3.0,5.0
3255.0,Object-oriented Analysis & design with applications,"Booch,C",635.00,,,Pearson,,1097728.0,DCSE/ /52,3.0,6.0
3256.0,Object-oriented Modeling & design with UML,"Rambaugh,J.R",399.00,,,Pearson,,1097729.0,DCSE/ /52,3.0,7.0
3257.0,Operating System,"Deital,H.M",745.00,,,Pearson,,1097730.0,DCSE/ /52,3.0,10.0
3258.0,Operating Systems,"Stallings,W",525.00,,,Pearson,,1097731.0,DCSE/ /52,3.0,9.0
3259.0,Principles of distributed Database Sys.,"Ozsu,M.T",535.00,,,Pearson,,1097732.0,DCSE/ /52,3.0,11.0
3260.0,Real-Time Systems,"Liu,J.W.S",585.00,,,Pearson,,1097733.0,DCSE/ /52,3.0,13.0
3261.0,The art of computer Programming Fundamentals Algorithms,"Knuth,D.E",499.00,,,Pearson,,1097734.0,DCSE/ /52,3.0,12.0
3262.0,The art of computer Programming Seminumerical Algorithms,"Knuth,D.E",625.00,,,Pearson,,1097734.0,DCSE/ /52,3.0,15.0
3263.0,The art of computer Programming sorting & searching,"Knuth,D.E",550.00,,,Pearson,,1097736.0,DCSE/ /52,3.0,17.0
3264.0,The C Puzzle Book,"Feuer,A.R",215.00,,,Pearson,,1097737.0,DCSE/ /52,3.0,21.0
3265.0,Web technologies A Computer Science perspective,"Jackson,J.C",475.00,,,Pearson,,1097738.0,DCSE/ /52,3.0,14.0
3266.0,"Algorithm in C++ Fundamental Datastructure sorting,searching",Sedgewick,593.10,,,Pearson,,1105769.0,DCSE/ /52,3.0,16.0
3267.0,An Introduction to XML and Web Technologies,"Moller,A",526.50,,,Pearson,,1105770.0,DCSE/ /52,3.0,22.0
3268.0,Approaching Quantum Computing,Marinescu,382.5,,,Pearson,,1105771.0,DCSE/ /52,3.0,24.0
3269.0,Artificial Intelligence S and S,Luger G.F,539.10,,,Pearson,,1105772.0,DCSE/ /52,3.0,23.0
3270.0,Computer Networking and Internet,"Halsall,F",526.50,,,Pearson,,1105773.0,DCSE/ /52,3.0,25.0
3271.0,Computer System Organization & Architecture,Carpinelly,472.50,,,Pearson,,1105774.0,DCSE/ /52,3.0,18.0
3272.0,Core Python Programming,"Ehun,W.J",697.50,,,Pearson,,1105775.0,DCSE/19/5,5.0,3.0
3273.0,Core Servlets & Java Servers Pages (Vol-2) Advanced Technologies,Hall.M,472.50,,,Pearson,,1105776.0,DCSE/ /52,3.0,26.0
3274.0,Data Mining,"Addiaans,P",292.50,,,Pearson,,1105777.0,DCSE/ /52,3.0,19.0
3275.0,Data Mining-A Tutorial based Primer,"Roiger,R",409.50,,,Pearson,,1105778.0,DCSE/ /52,3.0,20.0
3276.0,Data Structures Algorithm in JAVA,"Lafore,R",495.00,,,Pearson,,1105779.0,DCSE/ /52,1.0,4.0
3278.0,Database system -The complete book,"Molina, H.G",675.00,,,Pearson,,1105781.0,DCSE/ /52,3.0,8.0
3279.0,Design Patterns Elements of Reusable Object-Oriented Software,"Gamma, E",427.50,,,Pearson,,1105782.0,DCSE/ /52,4.0,1.0
3280.0,Designing the User Interface,Shneiderm,571.50,,,Pearson,,1105783.0,DCSE/ /52,4.0,4.0
3281.0,Discrete and Combinatorial  Mathematics An Applied Introduction,"Grimaldi,R",359.10,,,Pearson,,1105784.0,DCSE/ /52,4.0,2.0
3282.0,Discrete Mathematics and Combinatorics,"Sengadir,T",359.10,,,Pearson,,1105785.0,DCSE/ /52,4.0,5.0
3283.0,Discrete- Event System Simulation,"Banks,J",333.00,,,Pearson,,1105786.0,DCSE/19/5,2.0,25.0
3284.0,Distributed Computing Principles and Applications,"Liu, M.L",405.00,,,Pearson,,1105787.0,DCSE/ /52,4.0,6.0
3285.0,Effective Software Testing 50 specific ways to improve your testing,"Dustin, E",315.00,,,Pearson,,1105788.0,DCSE/ /52,4.0,3.0
3286.0,Firewalls & Internate security Repelling the Wily Hacker,"Cheswick, V",382.50,,,Pearson,,1105789.0,DCSE/ /52,4.0,7.0
3287.0,Fundamental Concepts Of Bioinformatics,"Krane, D.E",382.50,,,Pearson,,1105790.0,DCSE/ /52,4.0,8.0
3288.0,"Fundamentals of Neural Networks Architectures, Algorithms and Applications","Fausett,L",400.50,,,Pearson,,1105791.0,DCSE/ /52,4.0,9.0
3289.0,Fundamentals of Object-Oriented Design in UML,"Jones, M.P",382.50,,,Pearson,,1105792.0,DCSE/ /52,4.0,10.0
3290.0,"Fuzzy Logic Intelligence, Control & Information","Yen,J",449.10,,,Pearson,,1105793.0,DCSE/ /52,4.0,11.0
3291.0,High Speed Networks & Internets Performance & Quality of Service,"Stallings, V",539.10,,,Pearson,,1105794.0,DCSE/ /52,4.0,12.0
3293.0,Information Retrieval data Structures and Algorhithms,"Frakes, W.B",517.50,,,Pearson,,1105796.0,DCSE/ /52,4.0,19.0
3294.0,Introduction software testing A Practical guide to getting started,"Tamres,L",243.00,,,Pearson,,1105797.0,DCSE/ /52,4.0,14.0
3295.0,Introduction to Computer Security,"Bishop, M",449.10,,,Pearson,,1105798.0,DCSE/ /52,4.0,13.0
3296.0,Introduction to cryptography with coding theory,"Trappe, W",436.50,,,Pearson,,1105799.0,DCSE/ /52,4.0,15.0
3297.0,Introduction to Java Programming,"Liang, Y.D",675.00,,,Pearson,,1105800.0,DCSE/ /52,4.0,16.0
3298.0,Introduction to Programming with C ++,"Liang, Y.D",427.00,,,Pearson,,1105801.0,DCSE/ /52,4.0,17.0
3299.0,Introduction to the Design & Analysis of Algorithms,"Levitin, A",449.10,,,Pearson,,1105802.0,DCSE/ /52,4.0,18.0
3301.0,Modern Compiler Design,"Galles,D",400.50,,,Pearson,,1105804.0,DCSE/19/5,1.0,12.0
3302.0,Modern Information Retrieval,"Yates, R.B",449.10,,,Pearson,,1105805.0,DCSE/E/98/5,3.0,13.0
3303.0,"Multimedia Communications,Application Networks Protocols & Standards","Halsall,F",616.50,,,Pearson,,1105806.0,DCSE/19/5,1.0,11.0
3304.0,Object-Oriented Software Engineering A use case Driven Approach,"Jacobson, I",517.50,,,Pearson,,1105807.0,DCSE/19/5,1.0,10.0
3305.0,Practical software Estimation,Parthasar,517.50,,,Pearson,,1105808.0,DCSE/19/5,2.0,6.0
3306.0,Public Key Cryptography Theory and Practice ,"Das, A",431.10,,,Pearson,,1105809.0,DCSE/19/5,2.0,7.0
3307.0,Software Architecture in Practice,"Bass, L",405.00,,,Pearson,,1105810.0,DCSE/19/5,2.0,8.0
3308.0,Software Engineering Theory and Practice,"Pfleeger,S.I",427.50,,,Pearson,,1105811.0,DCSE/19/5,1.0,6.0
3309.0,Software Project Management A Unified Framework,"Royce,W",427.50,,,Pearson,,1105812.0,DCSE/19/5,1.0,5.0
3310.0,Software Testiing,"Patton,R",382.50,,,Pearson,,1105813.0,DCSE/19/5,1.0,4.0
3311.0,The Craft of Software Testing,"Marick, B",431.10,,,Pearson,,1105814.0,DCSE/19/5,1.0,3.0
3312.0,The Essence of Compilers,"Hunter,R",310.50,,,Pearson,,1105815.0,DCSE/19/5,1.0,2.0
3314.0,"UNIX Systems Programming  Communication, Concurrency ","Robbins,K.P",495.00,,,Pearson,,1105817.0,DCSE/19/5,1.0,8.0
3315.0,"Advanced Computer Architectures- Parallism, Scalability, Programmability","Hwang,J",650.00,,,Pearson,,1105727.0,DCSE/19/5,2.0,4.0
3316.0,"Advanced Computer Architectures- Parallism, Scalability, Programmability","Hwang,J",650.00,,,McGRAW Hill,,1104726.0,DCSE/19/5,1.0,9.0
3317.0,"Advanced Computer Architectures- Parallism, Scalability, Programmability","Hwang,J",650.00,,,McGRAW Hill,,1105723.0,DCSE/19/5,2.0,5.0
3318.0,"Advanced Computer Architectures- Parallism, Scalability, Programmability","Hwang,J",650.00,,,McGRAW Hill,,1105722.0,DCSE/19/5,2.0,3.0
3319.0,"Advanced Computer Architectures- Parallism, Scalability, Programmability","Hwang,J",650.00,,,McGRAW Hill,,1105725.0,DCSE/19/5,2.0,2.0
3320.0,"Advanced Computer Architectures- Parallism, Scalability, Programmability","Hwang,J",650.00,,,McGRAW Hill,,1105724.0,DCSE/19/5,2.0,1.0
3321.0,"Advanced Computer Architectures- Parallism, Scalability, Programmability","Hwang,J",650.00,,,McGRAW Hill,,1105729.0,DCSE/19/5,5.0,5.0
3322.0,"Advanced Computer Architectures- Parallism, Scalability, Programmability","Hwang,J",650.00,,,McGRAW Hill,,1105728.0,DCSE/E/98/5,2.0,4.0
3324.0,An Introduction to Digital Computer Design,Rajaraman,325.00,,,PHI Learning,,1105732.0,DCSE/19/5,4.0,19.0
3325.0,An Introduction to Digital Computer Design,Rajaraman,325.00,,,PHI Learning,,1105731.0,DCSE/19/5,4.0,20.0
3326.0,An Introduction to Digital Computer Design,Rajaraman,325.00,,,PHI Learning,,1105730.0,DCSE/19/5,4.0,21.0
3327.0,Computer Network,Tanenbaum,485.00,,,Pearson,,1105735.0,DCSE/E/98/5,4.0,2.0
3328.0,Computer Network,Tanenbaum,485.00,,,Pearson,,1105734.0,DCSE/19/5,4.0,15.0
3329.0,Computer Network,Tanenbaum,485.00,,,Pearson,,1105737.0,DCSE/19/5,4.0,16.0
3330.0,Computer Network,Tanenbaum,485.00,,,Pearson,,1105736.0,DCSE/19/5,4.0,17.0
3333.0,Digital Computer Fundamentals,"Bartee,T.C",495.00,,,TMH,,1105740.0,DCSE/19/5,1.0,14.0
3334.0,Electronic Commerce- A Manager Guide,Kalakota,515.00,,,Pearson,,1105744.0,DCSE/19/5,4.0,28.0
3335.0,Electronic Commerce- A Manager Guide,Kalakota,515.00,,,Pearson,,1105743.0,DCSE/19/5,4.0,29.0
3336.0,Electronic Commerce- A Manager Guide,Kalakota,515.00,,,Pearson,,1105742.0,DCSE/19/5,4.0,30.0
3337.0,Electronic Commerce- A Manager Guide,Kalakota,515.00,,,Pearson,,1105741.0,DCSE/19/5,4.0,31.0
3338.0,Electronic Commerce- A Manager Guide,Kalakota,515.00,,,Pearson,,1105745.0,DCSE/19/5,1.0,30.0
3339.0,Fundamentals of Software Engineering,"Ghezzi, C",350.00,,,PHI Learning,,1105746.0,DCSE/19/5,1.0,29.0
3340.0,IBM PC Assembly Language & Programming,Abel. P,325.00,,,PHI Learning,,1105749.0,DCSE/19/5,4.0,3.0
3341.0,IBM PC Assembly Language & Programming,Abel. P,325.00,,,PHI Learning,,1105748.0,DCSE/19/5,4.0,2.0
3342.0,IBM PC Assembly Language & Programming,Abel. P,325.00,,,PHI Learning,,1105747.0,DCSE/19/5,4.0,1.0
3343.0,Intro. To Parallel Processing,sasikumar,175.00,,,PHI Learning,,1105771.0,DCSE/19/5,4.0,32.0
3344.0,Intro. To Parallel Processing,sasikumar,175.00,,,PHI Learning,,1105750.0,DCSE/19/5,4.0,33.0
3345.0,Neural Network Design,"Hagan,D.b",460.00,,,cengage Learning,,1105753.0,DCSE/19/5,1.0,1.0
3346.0,Neural Network Design,"Hagan,D.b",460.00,,,cengage Learning,,1105752.0,DCSE/19/5,2.0,9.0
3347.0,Parallel Computers-Architecture & Programming,Rajaraman,250.00,,,PHI Learning,,1105758.0,DCSE/19/5,4.0,6.0
3348.0,Parallel Computers-Architecture & Programming,Rajaraman,250.00,,,PHI Learning,,1105757.0,DCSE/19/5,4.0,7.0
3349.0,Parallel Computers-Architecture & Programming,Rajaraman,250.00,,,PHI Learning,,1105756.0,DCSE/19/5,4.0,8.0
3350.0,Parallel Computers-Architecture & Programming,Rajaraman,250.00,,,PHI Learning,,1105755.0,DCSE/19/5,4.0,9.0
3351.0,Parallel Computers-Architecture & Programming,Rajaraman,250.00,,,PHI Learning,,1105754.0,DCSE/19/5,4.0,10.0
3352.0,Parallel Computing-Theory & Practice,Quinn,375.00,,,TMH,,1105761.0,DCSE/19/5,4.0,11.0
3353.0,Parallel Computing-Theory & Practice,Quinn,375.00,,,TMH,,1105760.0,DCSE/19/5,4.0,12.0
3354.0,Parallel Computing-Theory & Practice,Quinn,375.00,,,TMH,,1105759.0,DCSE/19/5,4.0,13.0
3355.0,Perl Programming for Bioinformatics & Biologists,"Jamison, D.C",179.00,,,Wiely,,1105762.0,DCSE/19/5,1.0,13.0
3356.0,Rich Client Programming plugging into…………..,Boudreau T,,,,Pearson,,1105763.0,DCSE/19/5,5.0,1.0
3358.0,The C ++ Programming Language,Stroustrup,750.00,,,Pearson,,3358.0,DCSE/19/5,1.0,6.0
3359.0,The C ++ Programming Language,Stroustrup,750.00,,,Pearson,,1105764.0,DCSE/19/5,4.0,5.0
3360.0,The Design of UNIX Operating System,"Bach, M.J",295.00,,,PHI,,1105767.0,DCSE/19/5,1.0,28.0
3361.0,The Design of UNIX Operating System,"Bach, M.J",295.00,,,PHI,,1105768.0,CS/08-09/286/7,2.0,29.0
3363.0,Data Mining,"witten, Frank, Hall",,,,Elsevier,,1120583.0,CS/08-09/286/7,5.0,4.0
3364.0,Data Mining,"witten, Frank, Hall",,,,Elsevier,,1120582.0,CS/08-09/286/7,4.0,16.0
3366.0,Data Mining,"witten, Frank, Hall",,,,Elsevier,,1120584.0,DCSE/E/98/5,4.0,16.0
3367.0,Data Mining,"witten, Frank, Hall",,,,Elsevier,,1120585.0,DCSE/19/5,2.0,24.0
3377.0,"Thoery of computer science, automata , language & computation",Mishra & Chandrasekaran,,,,Eastern Economy Edition,,1120623.0,DCSE/E/98/5,2.0,25.0
3385.0,Intro. To language & theory of computation,martin,,,,McGRAW Hill,,1120630.0,CS/08-09/286/7,5.0,9.0
3396.0,Wireless communications & Networks,William Stallings,,,,Pearson,,1120625.0,DCSE/E/98/5,4.0,9.0
3398.0,Wireless communications & Networks,William Stallings,,,,Pearson,,1120628.0,DCSE/E/98/5,3.0,10.0
3411.0,Data Mining concepts & techniques,"Han, Kamber & Jian Pei",,,,Elsevier,,1120578.0,DCSE/E/98/5,3.0,2.0
3413.0,Data Mining concepts & techniques,"Han, Kamber & Jian Pei",,,,Elsevier,,1120580.0,DCSE/E/98/5,3.0,14.0
3415.0,Data Mining concepts & techniques,"Han, Kamber & Jian Pei",,,,Elsevier,,1120577.0,DCSE/E/98/5,4.0,1.0
3418.0,Network security Essentials ,Stallings,,,,Pearson,,1120613.0,CS/08-09/286/7,2.0,33.0
3419.0,Network security Essentials ,Stallings,,,,Pearson,,1120610.0,CS/08-09/286/7,2.0,5.0
3420.0,Network security Essentials ,Stallings,,,,Pearson,,1120609.0,CS/08-09/286/7,2.0,7.0
3421.0,Network security Essentials ,Stallings,,,,Pearson,,1120612.0,CS/08-09/286/7,2.0,6.0
3422.0,Network security Essentials ,Stallings,,,,Pearson,,1120611.0,CS/08-09/286/7,2.0,4.0
3424.0,Machine Learning,Mitchell,,,,McGRAW Hill,,1120604.0,DCSE/E/98/5,2.0,23.0
3425.0,Machine Learning,Mitchell,,,,McGRAW Hill,,1120607.0,DCSE/E/98/5,4.0,17.0
3433.0,Wireless communications Principles & practice,Rappaport,,,,Pearson,,1120558.0,DCSE/E/98/5,4.0,10.0
3442.0,Fubdamentals of Digital Image Processing,A. Jain,,,,Pearson,,1120558.0,DCSE/E/98/5,3.0,20.0
3446.0,Wireless communications Principles & practice,Rappaport,,,,Pearson,,1120547.0,CS/08-09/286/7,2.0,31.0
3449.0,Computer Organization,Hamacher Zaky,,,,McGRAW Hill,,1120543.0,DCSE/E/98/5,2.0,20.0
3450.0,Computer Organization,Hamacher Zaky,,,,McGRAW Hill,,1120544.0,DCSE/E/98/5,2.0,7.0
